model,season,games,correct,accuracy,brier,log_loss
team_logistic,2019,1230,818,0.6650406504065041,0.21310150100064182,0.6152622459940625
team_logistic,2020,1059,695,0.6562795089707271,0.21959518061523423,0.6294382774758395
team_logistic,2021,1080,673,0.6231481481481481,0.22709854536799387,0.6454372335824284
team_logistic,2022,1230,798,0.6487804878048781,0.22042507218860788,0.6320444593466887
team_logistic,2023,1230,774,0.6292682926829268,0.22596427131586894,0.643665949880751
team_logistic,2024,1230,820,0.6666666666666666,0.2099766865993527,0.6072302143801044
team_logistic,2025,1229,836,0.6802278275020341,0.20708312223878722,0.600290986604501
elo,2019,1230,808,0.656910569105691,0.21449948833199606,0.6179175568211769
elo,2020,1059,694,0.6553352219074599,0.22070331944042082,0.6311684000463891
elo,2021,1080,656,0.6074074074074074,0.23035176969337876,0.6519754142548126
elo,2022,1230,805,0.6544715447154471,0.223729045816915,0.6392644103408553
elo,2023,1230,771,0.6268292682926829,0.22757573558118305,0.6476683564731887
elo,2024,1230,790,0.6422764227642277,0.2145172259305021,0.615942397824199
elo,2025,1229,801,0.6517493897477624,0.21460734712235885,0.6171192705616815
home_frequency,2019,1230,729,0.5926829268292683,0.24149394246376343,0.676040500626194
home_frequency,2020,1059,584,0.5514636449480642,0.24853097568148272,0.690253795016839
home_frequency,2021,1080,587,0.5435185185185185,0.24941685007291545,0.692025820838867
home_frequency,2022,1230,669,0.5439024390243903,0.24898940728839364,0.6911520662192385
home_frequency,2023,1230,714,0.5804878048780487,0.24363836066592515,0.6803724851934645
home_frequency,2024,1230,668,0.5430894308943089,0.24892695902872644,0.6910210633920434
home_frequency,2025,1229,669,0.5443449959316518,0.24858738989696508,0.6903331396090743
