candidate,season,games,correct,accuracy,brier,log_loss
baseline_control,2019,1230,818,0.6650406504065041,0.21310150100064182,0.6152622459940625
baseline_control,2020,1059,695,0.6562795089707271,0.21959518061523423,0.6294382774758395
baseline_control,2021,1080,673,0.6231481481481481,0.22709854536799387,0.6454372335824284
baseline_control,2022,1230,798,0.6487804878048781,0.22042507218860788,0.6320444593466887
baseline_control,2023,1230,774,0.6292682926829268,0.22596427131586894,0.643665949880751
baseline_control,2024,1230,820,0.6666666666666666,0.2099766865993527,0.6072302143801044
baseline_control,2025,1229,836,0.6802278275020341,0.20708312223878722,0.600290986604501
windows10,2019,1230,811,0.6593495934959349,0.212611664734392,0.6138440568966042
windows10,2020,1059,694,0.6553352219074599,0.22029762541164552,0.6310883543538693
windows10,2021,1080,661,0.612037037037037,0.22798519351654434,0.6471725320102384
windows10,2022,1230,796,0.6471544715447154,0.22240658436404612,0.6364610500939991
windows10,2023,1230,776,0.6308943089430894,0.2254324869299425,0.6426490037203925
windows10,2024,1230,810,0.6585365853658537,0.21004869579962154,0.6072553435439877
windows10,2025,1229,833,0.677786818551668,0.20770890732476216,0.6020680807464556
windows30,2019,1230,814,0.6617886178861788,0.21225751595829676,0.6129899975509701
windows30,2020,1059,694,0.6553352219074599,0.21878594665864137,0.6273593202299328
windows30,2021,1080,668,0.6185185185185185,0.22801561732865402,0.6473532862546896
windows30,2022,1230,800,0.6504065040650406,0.2205934114161134,0.6325345041046156
windows30,2023,1230,781,0.634959349593496,0.22543362111645904,0.6424680764684961
windows30,2024,1230,811,0.6593495934959349,0.21082313419122553,0.6090885075054508
windows30,2025,1229,829,0.6745321399511798,0.20783813976674387,0.601916207181715
season_history,2019,1230,811,0.6593495934959349,0.21213320921197648,0.6126366562976004
season_history,2020,1059,690,0.6515580736543909,0.2180847560377171,0.6256174088377973
season_history,2021,1080,662,0.6129629629629629,0.2283858568567686,0.6480403276255947
season_history,2022,1230,787,0.6398373983739838,0.22254200036457222,0.6367578957431893
season_history,2023,1230,776,0.6308943089430894,0.22537386573353962,0.6421016589594436
season_history,2024,1230,807,0.6560975609756098,0.21029548824946334,0.6077742344264713
season_history,2025,1229,831,0.676159479251424,0.2083414105757471,0.6028387149470824
advanced20,2019,1230,817,0.6642276422764227,0.2125149499974439,0.6139147809568215
advanced20,2020,1059,693,0.6543909348441926,0.2196388177490051,0.6291851879651881
advanced20,2021,1080,674,0.6240740740740741,0.22684376980330434,0.6446597694673663
advanced20,2022,1230,794,0.6455284552845528,0.22032778648532114,0.6318674551107282
advanced20,2023,1230,770,0.6260162601626016,0.22587810390293514,0.6436609425873062
advanced20,2024,1230,814,0.6617886178861788,0.21055139140351853,0.6087333785025483
advanced20,2025,1229,831,0.676159479251424,0.2068359172271649,0.599480494602921
advanced10,2019,1230,817,0.6642276422764227,0.2120714527291685,0.6124835401846932
advanced10,2020,1059,691,0.6525023607176582,0.22041409825713573,0.6311919364908483
advanced10,2021,1080,666,0.6166666666666667,0.22784388408830178,0.6466932739088405
advanced10,2022,1230,798,0.6487804878048781,0.22170235317467737,0.6348927682005046
advanced10,2023,1230,779,0.6333333333333333,0.22483559279509663,0.6413758794164055
advanced10,2024,1230,812,0.6601626016260163,0.2101945909836751,0.6076415510863385
advanced10,2025,1229,838,0.6818551668022783,0.20760333134602849,0.6017218683332686
advanced30,2019,1230,812,0.6601626016260163,0.21168758203063498,0.6116795482231231
advanced30,2020,1059,694,0.6553352219074599,0.21864964720291008,0.6266616014972382
advanced30,2021,1080,672,0.6222222222222222,0.22788002715817565,0.6469118421997194
advanced30,2022,1230,791,0.6430894308943089,0.22068206005250712,0.632671538182162
advanced30,2023,1230,773,0.6284552845528455,0.22518902786313275,0.6421266429221891
advanced30,2024,1230,812,0.6601626016260163,0.21175335535728157,0.611359969905418
advanced30,2025,1229,831,0.676159479251424,0.20763003834737792,0.6011617314654188
advanced_season,2019,1230,826,0.6715447154471544,0.2118332992069764,0.611904813117038
advanced_season,2020,1059,689,0.6506137865911237,0.21844585910684122,0.6260351993871962
advanced_season,2021,1080,668,0.6185185185185185,0.22802127776631076,0.6470695962625514
advanced_season,2022,1230,786,0.6390243902439025,0.2225271442372512,0.636731175747821
advanced_season,2023,1230,771,0.6268292682926829,0.22558317818282023,0.6426462891732172
advanced_season,2024,1230,806,0.6552845528455284,0.2112066968178817,0.609898601549061
advanced_season,2025,1229,828,0.6737184703010578,0.20857649393088554,0.6031459959971609
opponent_adjusted20,2019,1230,810,0.6585365853658537,0.21310710107044945,0.6150195664163546
opponent_adjusted20,2020,1059,697,0.6581680830972616,0.22056826497332407,0.6317639089065066
opponent_adjusted20,2021,1080,679,0.6287037037037037,0.2273510060108294,0.646071286307703
opponent_adjusted20,2022,1230,796,0.6471544715447154,0.22057019033937703,0.6324582977509947
opponent_adjusted20,2023,1230,771,0.6268292682926829,0.22593683815911042,0.6436171761359804
opponent_adjusted20,2024,1230,815,0.6626016260162602,0.2101894288205162,0.607739212704449
opponent_adjusted20,2025,1229,837,0.6810414971521562,0.20702881952612417,0.6001579353859231
opponent_adjusted30,2019,1230,809,0.6577235772357723,0.2124135945242944,0.6133097621031601
opponent_adjusted30,2020,1059,696,0.6572237960339944,0.21968645430777023,0.6295267822837991
opponent_adjusted30,2021,1080,675,0.625,0.2282632159607127,0.6479048925660518
opponent_adjusted30,2022,1230,794,0.6455284552845528,0.22084443317504301,0.6331609255734806
opponent_adjusted30,2023,1230,780,0.6341463414634146,0.22538259171827207,0.6423531411662012
opponent_adjusted30,2024,1230,808,0.656910569105691,0.2110935331520253,0.6097047269095975
opponent_adjusted30,2025,1229,826,0.6720911310008136,0.20787794558293038,0.6020137465801049
fatigue20,2019,1230,821,0.667479674796748,0.21274958765634308,0.6143605080309651
fatigue20,2020,1059,696,0.6572237960339944,0.2197621017152471,0.6297778898709836
fatigue20,2021,1080,676,0.6259259259259259,0.2264786002932012,0.6438651217048353
fatigue20,2022,1230,794,0.6455284552845528,0.2216269900091205,0.6347638127596258
fatigue20,2023,1230,771,0.6268292682926829,0.22556993910707016,0.6428328678992271
fatigue20,2024,1230,813,0.6609756097560976,0.210212866623756,0.6076964327538156
fatigue20,2025,1229,833,0.677786818551668,0.20764565721373512,0.601551462248528
recency2,2019,1230,818,0.6650406504065041,0.21313222958176983,0.6152480613569234
recency2,2020,1059,691,0.6525023607176582,0.22093918680018648,0.6332657566245051
recency2,2021,1080,669,0.6194444444444445,0.2274342549602668,0.6459315278820341
recency2,2022,1230,805,0.6544715447154471,0.22009569982115343,0.6311830112288866
recency2,2023,1230,775,0.6300813008130082,0.2257111587507113,0.6429412985956793
recency2,2024,1230,819,0.6658536585365854,0.20953059890587544,0.6064842113295295
recency2,2025,1229,832,0.6769731489015459,0.20812807149185578,0.6025853614389763
