game_id,season,week,home_team,away_team,home_win,v1_p_home,candidate_a_p_home
401856634,2026,1,Alabama,East Carolina,1,0.7476058295174921,0.7796831758363987
401856636,2026,1,Auburn,Baylor,1,0.6902139251041,0.7158459260913639
401856637,2026,1,Florida,Florida Atlantic,1,0.9450273850442463,0.9442096971504208
401856660,2026,1,LSU,Clemson,1,0.5612416288251044,0.5486793855882748
401856661,2026,1,Ole Miss,Louisville,1,0.7519382388801428,0.7700294088089994
401856662,2026,1,Mississippi State,Louisiana Monroe,1,0.9059380076877579,0.9151734700722355
401856664,2026,1,Oklahoma,UTEP,1,0.9656258079794997,0.9605242263651814
401856665,2026,1,South Carolina,Kent State,1,0.9634701285068438,0.9579635737855063
401856667,2026,1,Texas,Texas State,1,0.8739628184125122,0.8794604734961617
401856668,2026,1,Texas A&M,Missouri State,1,0.9389163280849342,0.9388210451142831
401856766,2026,1,TCU,North Carolina,0,0.6903248276158906,0.6929228271137047
401856772,2026,1,Tulsa,Oklahoma State,1,0.5910281521882417,0.5825539279255434
401856776,2026,1,Georgia Tech,Colorado,0,0.8204305973877201,0.7880587178799968
401856777,2026,1,Cincinnati,Boston College,1,0.7289594617905062,0.7399175769136193
401856778,2026,1,Houston,Oregon State,1,0.8747373472840024,0.8644250709522743
401856780,2026,1,West Virginia,Coastal Carolina,1,0.729620633668426,0.7128319853733497
401858201,2026,1,Stanford,Hawai'i,1,0.5627561221494289,0.5593788774990766
401858202,2026,1,Virginia,NC State,1,0.5205497584116237,0.5419161724193152
401858204,2026,1,Wake Forest,Akron,1,0.9293175968715965,0.9254003697887845
401858206,2026,1,Stanford,Miami,0,0.12092526736351825,0.13923714484786637
401858207,2026,1,Pittsburgh,Miami (OH),1,0.853065594933375,0.8506768749966394
401858209,2026,1,Duke,Tulane,1,0.6401960512946285,0.6184041618638434
401858210,2026,1,California,UCLA,0,0.6818198968156519,0.6951110964899534
401858212,2026,1,Florida State,SMU,0,0.3920106841160223,0.42191977653029944
401858423,2026,1,Rutgers,UMass,0,0.9512367972813693,0.9510373644342841
401858424,2026,1,Illinois,UAB,1,0.7799446460331176,0.7449457242639473
401858425,2026,1,Indiana,North Texas,1,0.9364747335167574,0.9296789808313299
401858426,2026,1,Iowa,Northern Illinois,1,0.9872037876876634,0.9732115187747652
401858428,2026,1,Michigan,Western Michigan,1,0.8841152097968881,0.8794513689232953
401858429,2026,1,Michigan State,Toledo,1,0.3829512464529984,0.3628207262999634
401858430,2026,1,Nebraska,Ohio,1,0.8127318575486928,0.8179620897703882
401858432,2026,1,Ohio State,Ball State,1,0.9928227395927247,0.9849742454915458
401858433,2026,1,Oregon,Boise State,1,0.9499943189265202,0.9476444860561757
401858434,2026,1,Penn State,Marshall,1,0.9118805365619257,0.915178254743892
401858436,2026,1,USC,Fresno State,1,0.89446806361807,0.8919985479436239
401858437,2026,1,Washington,Washington State,1,0.8266475165416468,0.8018089514209443
401858438,2026,1,Notre Dame,Wisconsin,1,0.9487254726332035,0.9427674221182757
401860878,2026,1,Colorado State,Wyoming,1,0.36151723382598683,0.3531105819859799
401862693,2026,1,UNLV,Memphis,0,0.589916750787532,0.5835634376218
401862695,2026,1,Memphis,Arkansas State,1,0.8871815639939372,0.8767333954286268
401862699,2026,1,South Florida,Florida International,1,0.9542414562549812,0.9387426083995823
401864432,2026,1,Nevada,Western Kentucky,1,0.3047051881367282,0.30645163483187604
401864494,2026,1,USC,San José State,1,0.9280692273717024,0.9296023538612949
401864495,2026,1,Eastern Michigan,San José State,0,0.5583364130051072,0.556642188679823
401864497,2026,1,Hawai'i,UNLV,0,0.40539877110461403,0.43990105458489825
401864498,2026,1,New Mexico,Central Michigan,1,0.7263423387832251,0.7154768334618151
401864570,2026,1,Florida State,New Mexico State,1,0.9265170623564716,0.9215146676955823
401864577,2026,1,North Dakota State,Jacksonville State,1,0.8086131074042786,0.7359497549979122
401866408,2026,1,Eastern Michigan,Sacramento State,1,0.7442768259352259,0.6773231991539179
401869960,2026,1,James Madison,Liberty,1,0.76358491225457,0.761499521008498
401870763,2026,1,Troy,Sam Houston State,1,0.8948052777430837,0.8885479435857047
401856670,2026,2,Utah,Arkansas,1,0.7786074367911582,0.7903662516196867
401856671,2026,2,Auburn,Southern Mississippi,1,0.661595579101266,0.6929198094835389
401856673,2026,2,Georgia,Western Kentucky,1,0.9799717262856237,0.9748275546835685
401856674,2026,2,Kentucky,Alabama,0,0.2112495158442188,0.19974293007450278
401856676,2026,2,Ole Miss,Charlotte,1,0.9489436830782355,0.9536740684222818
401856677,2026,2,Minnesota,Mississippi State,0,0.6113398299557318,0.6180092753816291
401856678,2026,2,Kansas,Missouri,0,0.5427555057160001,0.5475234155455508
401856679,2026,2,Michigan,Oklahoma,1,0.48602681009423837,0.46187467097381857
401856681,2026,2,Georgia Tech,Tennessee,0,0.21758397287660444,0.21635344560150654
401856682,2026,2,Texas,Ohio State,1,0.46700205869530287,0.4229045864464817
401856683,2026,2,Texas A&M,Arizona State,1,0.8814185881818084,0.8818600931861624
401856684,2026,2,Vanderbilt,Delaware,1,0.8938311559913357,0.8977539805375896
401856781,2026,2,Kansas State,Washington State,1,0.7983753603857399,0.7396238462972925
401856782,2026,2,Oklahoma State,Oregon,1,0.02409691979284987,0.04077736617537012
401856783,2026,2,Oregon State,Texas Tech,0,0.03611274406951222,0.05442972346389155
401856788,2026,2,Iowa,Iowa State,1,0.7904510723481291,0.792668939436197
401856790,2026,2,Pittsburgh,UCF,1,0.7571387174501951,0.714089843707339
401856810,2026,2,BYU,Arizona,1,0.6477574247202007,0.6298484436329946
401858214,2026,2,Boston College,Rutgers,1,0.7564107753367275,0.7131170618907721
401858216,2026,2,Syracuse,California,0,0.7265444856304224,0.7142001767454471
401858217,2026,2,Illinois,Duke,0,0.7902283735742958,0.7386994653516457
401858219,2026,2,Clemson,Georgia Southern,1,0.5680323251882327,0.5836800535374657
401858221,2026,2,Virginia Tech,Old Dominion,1,0.7728346553011081,0.7787339911078324
401858224,2026,2,Purdue,Wake Forest,0,0.5143978975779084,0.5187997274977816
401858440,2026,2,Michigan State,Eastern Michigan,1,0.6321278273953997,0.6217818885059643
401858441,2026,2,Nebraska,Bowling Green,1,0.9004197583769086,0.8806414276044189
401858442,2026,2,Temple,Penn State,0,0.10719645248351949,0.11345523251390753
401858443,2026,2,UCLA,San Diego State,1,0.5367547728474092,0.5077141769930218
401858444,2026,2,Connecticut,Maryland,0,0.3621987456460997,0.35189376450100734
401858445,2026,2,USC,Louisiana,1,0.9550118934741131,0.9518568684908475
401858446,2026,2,Washington,Utah State,1,0.9417622886009843,0.9392762478902883
401859184,2026,2,Notre Dame,Rice,1,0.9898428923397075,0.9817976054995208
401860881,2026,2,Boise State,Memphis,1,0.5496947536452133,0.5383553585231329
401860883,2026,2,Fresno State,Sacramento State,1,0.5862811883545688,0.5326247773621141
401860884,2026,2,Texas State,UT San Antonio,0,0.4273583661463659,0.39853796078943565
401862702,2026,2,Army,South Florida,0,0.28010443800658585,0.29888777485990303
401862703,2026,2,Florida Atlantic,Navy,1,0.3293912474331016,0.32084509211112044
401862705,2026,2,North Texas,UNLV,1,0.7820411428456608,0.7319980817207964
401862707,2026,2,Sam Houston State,Tulsa,0,0.4384119577867129,0.4345888445381016
401862708,2026,2,UAB,Louisiana Monroe,1,0.9346020425428886,0.9227345276201742
401864502,2026,2,Air Force,North Dakota State,0,0.3196959525503001,0.3887807308025363
401864571,2026,2,East Carolina,App State,0,0.4222785988309251,0.5110487401180597
401864575,2026,2,Tulane,South Alabama,1,0.7210945359055294,0.6510934185902058
401864578,2026,2,Hawai'i,New Mexico State,1,0.817966256598215,0.8165381512601382
401866414,2026,2,Florida International,Buffalo,1,0.44487224342812837,0.4345134349256806
401866418,2026,2,Ohio,Jacksonville State,1,0.41795846531477204,0.445613885185925
401867796,2026,2,LSU,Louisiana Tech,1,0.8691954208749332,0.8780097218639505
401869955,2026,2,Kennesaw State,Georgia State,0,0.5124263643823227,0.5262667827696662
401871045,2026,2,Marshall,Middle Tennessee,1,0.46005298094547753,0.46131346695126924
401856685,2026,3,Alabama,Florida State,1,0.8103873732624697,0.8168420271997711
401856686,2026,3,Arkansas,Georgia,0,0.10083281104458829,0.0917907681123932
401856687,2026,3,Auburn,Florida,0,0.39610496054435634,0.3500706820676075
401856688,2026,3,Ole Miss,LSU,1,0.574235501737522,0.5651497531710559
401856689,2026,3,Missouri,Troy,1,0.8917251055535037,0.8860879389585412
401856690,2026,3,Oklahoma,New Mexico,1,0.8951977742380063,0.881645420595703
401856691,2026,3,South Carolina,Mississippi State,0,0.7219754507602547,0.7368227836727042
401856692,2026,3,Tennessee,Kennesaw State,1,0.9703969073438299,0.9649691060861988
401856693,2026,3,Texas,UT San Antonio,1,0.9380419397029804,0.9377237224260093
401856694,2026,3,Texas A&M,Kentucky,0,0.9385530986052114,0.9356449266488656
401856695,2026,3,Vanderbilt,NC State,1,0.809146135116264,0.7987712304404295
401856792,2026,3,Kansas State,Tulane,1,0.8422073369704528,0.804344436513317
401856793,2026,3,Arizona,Northern Illinois,1,0.9484842448030908,0.9411042077011529
401856795,2026,3,Colorado State,BYU,0,0.08521123142994906,0.10850189071787039
401856796,2026,3,Northwestern,Colorado,1,0.7336408890439852,0.7633040530390185
401856797,2026,3,Cincinnati,Miami (OH),1,0.8118605085701471,0.8122766173697742
401856798,2026,3,Iowa State,Bowling Green,1,0.951246492295252,0.9442876900716284
401856799,2026,3,TCU,Arkansas State,1,0.8692022165503932,0.8590923772209181
401856800,2026,3,UCF,Georgia State,1,0.7540657493113243,0.7273799902094659
401856801,2026,3,Utah,Utah State,1,0.9607939351576594,0.9492258344420195
401856802,2026,3,Virginia,West Virginia,0,0.8401986314060105,0.8503790738715786
401856811,2026,3,Texas Tech,Houston,1,0.8082971216786417,0.8025799532550716
401856812,2026,3,Kansas,Arizona State,0,0.5540392413618762,0.5662424350606629
401858225,2026,3,Pittsburgh,Syracuse,1,0.8837775155508598,0.87368691779335
401858226,2026,3,Wake Forest,Miami,0,0.09566482548662035,0.11810769730336058
401858229,2026,3,Clemson,North Carolina,1,0.5131489728131599,0.5048214358619352
401858230,2026,3,Louisville,SMU,1,0.5465107602394117,0.54292360929634
401858231,2026,3,Duke,Stanford,1,0.7270776514788115,0.7502931780000794
401858232,2026,3,Maryland,Virginia Tech,0,0.657449874765749,0.64320946494578
401858449,2026,3,Indiana,Western Kentucky,1,0.9925234316402202,0.9797919425418452
401858450,2026,3,Michigan,UTEP,1,0.9514450526321391,0.9520879016235331
401858451,2026,3,Minnesota,Akron,1,0.8772845682588485,0.889035186019433
401858453,2026,3,Notre Dame,Michigan State,1,0.9837492303869897,0.9743543715683215
401858454,2026,3,Ohio State,Kent State,1,0.9962345884877377,0.9879207349203225
401858456,2026,3,Penn State,Buffalo,1,0.9366453971777803,0.9411892464578502
401858457,2026,3,Rutgers,USC,0,0.04626053452647451,0.06226340255891407
401858458,2026,3,UCLA,Purdue,1,0.6614904345588624,0.6333890758274091
401858460,2026,3,Wisconsin,Eastern Michigan,1,0.8276878867877552,0.8266778562272673
401860887,2026,3,San Diego State,James Madison,0,0.13835661747279382,0.16110027159685653
401860888,2026,3,San José State,Fresno State,0,0.4539585143889835,0.4898018359779257
401860889,2026,3,Texas State,North Texas,1,0.2725005407367689,0.27163048388405164
401861963,2026,3,Southern Mississippi,Connecticut,0,0.6427399951230104,0.6165051989235406
401862710,2026,3,Old Dominion,East Carolina,0,0.5117120607610511,0.512439467060331
401862771,2026,3,Florida Atlantic,Florida International,1,0.5563082104572693,0.5470953308175692
401862773,2026,3,Rice,Western Michigan,0,0.3984384882982473,0.3897681167164637
401862774,2026,3,Toledo,Temple,1,0.8018221859156034,0.8100973022458848
401862776,2026,3,Louisiana,UAB,1,0.7035544518464167,0.6543447603970052
401864443,2026,3,Middle Tennessee,Nevada,1,0.640258056673751,0.6650990764842795
401864507,2026,3,Sacramento State,North Dakota State,0,0.42587653515123086,0.401577912758592
401864508,2026,3,Central Michigan,Wyoming,1,0.5846950101998016,0.5573930435758095
401864574,2026,3,App State,Charlotte,1,0.7653106597603512,0.7261810153367221
401866422,2026,3,Liberty,Ball State,1,0.9313115203547644,0.9247286164321982
401866423,2026,3,South Alabama,Ohio,1,0.7688341120782289,0.7795111147054223
401867804,2026,3,Baylor,Louisiana Tech,1,0.8442028366905111,0.8199407778652902
401869940,2026,3,Delaware,Coastal Carolina,1,0.7432551266536115,0.7223005931849824
401869948,2026,3,Jacksonville State,Georgia Southern,1,0.6307455069104215,0.5835367507388491
401871047,2026,3,Missouri State,Marshall,0,0.6193403380523956,0.6037237023873361
401856696,2026,4,Alabama,South Carolina,1,0.6796618079351927,0.67325562819059
401856697,2026,4,Arkansas,Tulsa,1,0.8629730018390098,0.844236801348478
401856698,2026,4,Auburn,Vanderbilt,1,0.46894511425675334,0.4505806881384555
401856699,2026,4,Florida,Ole Miss,1,0.5320254051832042,0.5485686259703098
401856700,2026,4,Georgia,Oklahoma,1,0.8080519625746885,0.7927929808047625
401856702,2026,4,LSU,Texas A&M,1,0.6090070231449747,0.622456777485442
401856703,2026,4,Mississippi State,Missouri,1,0.5617958351075903,0.5604477902406886
401856704,2026,4,Tennessee,Texas,0,0.47072668099122333,0.481531773571014
401856804,2026,4,Washington State,Arizona,0,0.4935207135177384,0.4690601282282788
401856805,2026,4,Texas Tech,Sam Houston State,1,0.976436787726835,0.9661786327714013
401856806,2026,4,Georgia Southern,Houston,0,0.3734981000471542,0.37291531754445273
401856813,2026,4,Baylor,Colorado,1,0.7969637402541555,0.7843137945727129
401856814,2026,4,Cincinnati,Kansas State,1,0.32440475036694616,0.32403244805981996
401856815,2026,4,UCF,TCU,1,0.4352454348528326,0.43769679819694796
401856816,2026,4,Iowa State,Utah,0,0.39122592208773055,0.36690339358006097
401856881,2026,4,West Virginia,Oklahoma State,0,0.7606369244510767,0.7144741544279646
401858234,2026,4,California,Clemson,0,0.3839075768461011,0.40731017681139026
401858238,2026,4,Miami,Central Michigan,1,0.9719455332624849,0.9699613238346424
401858239,2026,4,Virginia,Delaware,1,0.8484135146616578,0.8417117228806721
401858240,2026,4,Stanford,Georgia Tech,1,0.3852012303400025,0.37532642404093886
401858241,2026,4,SMU,Missouri State,1,0.9272079949505674,0.921442968439914
401858242,2026,4,Boston College,Virginia Tech,0,0.312506629304462,0.326632159335458
401858243,2026,4,Louisville,Wake Forest,0,0.840782774697354,0.8213309639514422
401858461,2026,4,Indiana,Northwestern,1,0.9381374614224304,0.9183535114394807
401858462,2026,4,Maryland,UCLA,0,0.7068642505802143,0.7167701404291789
401858463,2026,4,Michigan,Iowa,0,0.3638613852515685,0.38944982043733667
401858464,2026,4,Michigan State,Nebraska,0,0.23115915499879008,0.2240453127158431
401858465,2026,4,Ohio State,Illinois,1,0.9121457268914848,0.9128386734164908
401858466,2026,4,Penn State,Wisconsin,0,0.7827699687341234,0.7956273823623292
401858467,2026,4,Purdue,Notre Dame,0,0.02980772246808902,0.04783575754799173
401858469,2026,4,USC,Oregon,0,0.5610444284270999,0.563417090239968
401858470,2026,4,Washington,Minnesota,0,0.878276698894338,0.8815377828707995
401860891,2026,4,Fresno State,Rice,1,0.8339049729234161,0.8338200473837507
401860893,2026,4,Toledo,San Diego State,1,0.800856882697111,0.8035057728315156
401860894,2026,4,Utah State,Troy,1,0.4441420754201529,0.4250627500860032
401860895,2026,4,UTEP,Oregon State,0,0.4624586950466522,0.44515366953554114
401860896,2026,4,UT San Antonio,Colorado State,1,0.8281818286702747,0.8229236022368117
401860897,2026,4,Western Michigan,Boise State,0,0.36742192580020416,0.36374064081292956
401861970,2026,4,Miami (OH),Connecticut,1,0.49228759194419747,0.44590298603408235
401862778,2026,4,UAB,Navy,1,0.6592133058834132,0.610581625410343
401862779,2026,4,Temple,Army,0,0.4383228877616919,0.38812131561202234
401862780,2026,4,Charlotte,Louisiana,0,0.4345867838556664,0.418406194119276
401862782,2026,4,Louisiana Monroe,Florida Atlantic,0,0.31129059061177355,0.3229743936272917
401862784,2026,4,Tulane,Southern Mississippi,1,0.841616923517776,0.8284382705048754
401862785,2026,4,Bowling Green,South Florida,0,0.057363081169800684,0.07057665529684592
401864509,2026,4,Nevada,Air Force,0,0.34105301531483423,0.3795853171707524
401864510,2026,4,Wyoming,Hawai'i,1,0.39716597944414844,0.45348197490567316
401864511,2026,4,Georgia State,Northern Illinois,1,0.784020855353152,0.7823974604340342
401864512,2026,4,Akron,UNLV,0,0.21806212465167488,0.22313153722048656
401864572,2026,4,NC State,App State,1,0.8185964599399359,0.8091240615871331
401864576,2026,4,Kentucky,South Alabama,1,0.6983373746059697,0.7237737683785361
401864579,2026,4,New Mexico State,New Mexico,0,0.263985445228403,0.24215892941907988
401866425,2026,4,Kent State,Ball State,1,0.3394242441676154,0.32890622932054847
401866429,2026,4,Sacramento State,UMass,0,0.7806688068338783,0.7849173796834122
401869931,2026,4,Arkansas State,Kennesaw State,1,0.7124792617432818,0.6968688842255567
401869941,2026,4,Coastal Carolina,Liberty,0,0.3052110534227493,0.26068247762966723
401869961,2026,4,Old Dominion,James Madison,0,0.13278331625006867,0.13150685515766375
401871048,2026,4,Jacksonville State,Middle Tennessee,1,0.7059542684585277,0.6876022857635546
401856705,2026,5,Georgia,Vanderbilt,1,0.8669510344539246,0.8734733599913028
401856707,2026,5,Mississippi State,Alabama,0,0.3128477241142795,0.32442223347352983
401856708,2026,5,Missouri,Florida,1,0.30587398744412536,0.3059446486009219
401856709,2026,5,South Carolina,Kentucky,0,0.735669560367658,0.7580632869635401
401856710,2026,5,Tennessee,Auburn,1,0.7423028836971568,0.7540160661829237
401856711,2026,5,Texas A&M,Arkansas,1,0.8314627496049413,0.8381195156566741
401856807,2026,5,Kansas,Middle Tennessee,1,0.8418794355778564,0.8181239455720523
401856817,2026,5,Arizona State,Baylor,0,0.5296122262069989,0.5473069044347321
401856818,2026,5,TCU,BYU,0,0.3100148568455586,0.324724712972146
401856819,2026,5,Houston,UCF,1,0.715643204792098,0.7287519464532635
401856820,2026,5,Arizona,Cincinnati,1,0.7365369967627511,0.7576874163287171
401856821,2026,5,Colorado,Texas Tech,0,0.09629627606934589,0.1029285017458334
401856822,2026,5,Iowa State,West Virginia,1,0.8632480902966646,0.8563655168601472
401858245,2026,5,Virginia Tech,Pittsburgh,0,0.3977214731019191,0.4254863622671843
401858246,2026,5,SMU,Boston College,1,0.8988325684483445,0.8933746576773509
401858247,2026,5,UNLV,California,1,0.6545405104475903,0.670418149200982
401858248,2026,5,NC State,Louisville,1,0.41800382115862156,0.4343037705722879
401858249,2026,5,Clemson,Miami,0,0.122979069744877,0.1516678248656359
401858250,2026,5,North Carolina,Notre Dame,0,0.07014435982227316,0.08132622939449603
401858251,2026,5,Wake Forest,Stanford,1,0.7588322420947164,0.7532928073042848
401858252,2026,5,Connecticut,Syracuse,0,0.5807265029477001,0.5650826202757433
401858253,2026,5,Florida State,Virginia,1,0.4598368809251827,0.48047769865272183
401858472,2026,5,Illinois,Purdue,0,0.8424401363571473,0.8341420441388887
401858473,2026,5,Iowa,Ohio State,0,0.4100888023456154,0.37828002215284
401858474,2026,5,Minnesota,Michigan,1,0.23809843921613627,0.24346730951431395
401858475,2026,5,Nebraska,Maryland,1,0.8685612701945078,0.8647280750168197
401858476,2026,5,Northwestern,Penn State,1,0.4280709963814824,0.3954579875405639
401858477,2026,5,Rutgers,Indiana,0,0.037597548767316316,0.05736338689095553
401858478,2026,5,USC,Washington,1,0.687184339713779,0.699313074549025
401858479,2026,5,Wisconsin,Michigan State,1,0.8253720972043648,0.8238261035777007
401860898,2026,5,Boise State,Utah State,1,0.9016734140745455,0.902386774907578
401860899,2026,5,Colorado State,Oregon State,0,0.47104733902043394,0.48913710322220494
401860900,2026,5,San Diego State,Texas State,1,0.40639598371173447,0.40725940992554877
401860921,2026,5,Washington State,Fresno State,0,0.6271282043269869,0.6124342375479652
401862786,2026,5,Tulsa,North Texas,0,0.12306944240383583,0.1479351595454181
401862787,2026,5,Charlotte,Memphis,0,0.1712296882187073,0.16793951482441533
401862788,2026,5,Rice,UT San Antonio,0,0.31284119545947753,0.2852952527838823
401862791,2026,5,Air Force,Navy,1,0.7406600391627034,0.705370958153782
401862792,2026,5,South Florida,Temple,0,0.879062797055487,0.8764103525231967
401864513,2026,5,Hawai'i,San José State,0,0.5762523774513925,0.6136079710174387
401864514,2026,5,New Mexico,UTEP,1,0.9079270839996204,0.9069982619562931
401864515,2026,5,North Dakota State,Wyoming,1,0.7802722894596233,0.7758176446487302
401866430,2026,5,Central Michigan,Akron,1,0.7760272207257208,0.789739336112892
401866431,2026,5,Ball State,Toledo,0,0.09884107128199934,0.10729687213318703
401866432,2026,5,Buffalo,Western Michigan,0,0.5005277769565294,0.49987689568032334
401866433,2026,5,UMass,Eastern Michigan,0,0.5791143132869239,0.5896149867007989
401866434,2026,5,Kent State,Ohio,0,0.18066264071518107,0.1792115777494179
401866477,2026,5,Miami (OH),Bowling Green,0,0.7427534553386167,0.717070828619428
401869842,2026,5,Louisiana Tech,Army,1,0.5402301176076497,0.504797218892999
401869932,2026,5,Louisiana,Arkansas State,1,0.687185407891169,0.70237789926475
401869942,2026,5,Coastal Carolina,Georgia Southern,0,0.45084491553671435,0.4419710872129612
401869956,2026,5,Georgia State,Old Dominion,1,0.6440981346267287,0.6452929704700073
401869962,2026,5,James Madison,Marshall,1,0.9469585162354839,0.933484517451485
401871049,2026,5,New Mexico State,Western Kentucky,1,0.46347895631751795,0.48361113052866933
401871050,2026,5,Delaware,Liberty,0,0.23909849730926286,0.2482328110232223
401871089,2026,5,South Alabama,Louisiana Monroe,1,0.8927899777114962,0.8874719248420826
