games,accuracy,brier,log_loss,mean_confidence,season,candidate
734,0.7547683923705722,0.1657661287171007,0.49669760132358803,0.7513636652897883,2018,linear_context_c050
735,0.745578231292517,0.16462543338532395,0.4945913021477908,0.7534348469673431,2019,linear_context_c050
509,0.7485265225933202,0.17703643992866896,0.5289513037254036,0.7438726012117325,2020,linear_context_c050
733,0.7203274215552524,0.1840885046779125,0.5520508997560251,0.7553485371454972,2021,linear_context_c050
735,0.691156462585034,0.19150643113145974,0.5628745218675479,0.7402615712002488,2022,linear_context_c050
751,0.7336884154460719,0.1718971195913768,0.5144565556460857,0.7366092268372091,2023,linear_context_c050
763,0.7077326343381389,0.1865775025883162,0.5483174454849883,0.7360334828671629,2024,linear_context_c050
773,0.7192755498059509,0.18158567506634832,0.5364347110044972,0.7377549729544984,2025,linear_context_c050
734,0.7534059945504087,0.16576103063493916,0.4977942338655328,0.7422987354899694,2018,linear_full_c005
735,0.7510204081632653,0.16401760076398358,0.49310773393799673,0.7479885455293814,2019,linear_full_c005
509,0.7485265225933202,0.17568700225173575,0.5259843116789894,0.7407669602269584,2020,linear_full_c005
733,0.7148703956343793,0.18490441815035152,0.549202285895029,0.751007700535228,2021,linear_full_c005
735,0.7034013605442176,0.19198159618313904,0.5641968640691365,0.7386090989416666,2022,linear_full_c005
751,0.7350199733688415,0.17189832653622927,0.5142052377888082,0.734933734662045,2023,linear_full_c005
763,0.7103538663171691,0.18686021365340727,0.5494829163496253,0.7332639179068585,2024,linear_full_c005
773,0.7179818887451488,0.18241241063764613,0.539547963299396,0.7357835164138077,2025,linear_full_c005
734,0.7547683923705722,0.16577862794200213,0.4973920579152256,0.7458002945130445,2018,linear_full_c01
735,0.7523809523809524,0.16464509021229437,0.4945986363001168,0.750584006177369,2019,linear_full_c01
509,0.7485265225933202,0.17626085248321596,0.5273095151936608,0.7424244136797343,2020,linear_full_c01
733,0.7175989085948158,0.18483996242519338,0.5498563378679919,0.7532480649577645,2021,linear_full_c01
735,0.7006802721088435,0.1923243405214041,0.5651007246373946,0.7405271702299447,2022,linear_full_c01
751,0.7323568575233023,0.17191361887438739,0.5143634719171425,0.7363907158506292,2023,linear_full_c01
763,0.7103538663171691,0.1866437480745341,0.5490181283199979,0.7350788623832447,2024,linear_full_c01
773,0.7166882276843467,0.1824131975587216,0.5394570817436567,0.7369927227199464,2025,linear_full_c01
734,0.7534059945504087,0.16603167617945508,0.4977405087198134,0.7490680777236887,2018,linear_full_c025
735,0.7523809523809524,0.16542692473178422,0.4966543634169944,0.7525009620464247,2019,linear_full_c025
509,0.7465618860510805,0.17692124848163335,0.5292621332265449,0.7441214729386914,2020,linear_full_c025
733,0.7203274215552524,0.18494057816365492,0.5512833377538287,0.7548912366410125,2021,linear_full_c025
735,0.7020408163265306,0.19274375083435763,0.5662157056384585,0.7421318818365858,2022,linear_full_c025
751,0.7323568575233023,0.17193035059792383,0.5145301398762956,0.7373795661611767,2023,linear_full_c025
763,0.7103538663171691,0.18653055018952058,0.5487931472075476,0.736279088377752,2024,linear_full_c025
773,0.7166882276843467,0.18243643980062144,0.539433513358461,0.7378423964054215,2025,linear_full_c025
734,0.7520435967302452,0.1662073362244824,0.4981388298857669,0.7505953068498342,2018,linear_full_c05
735,0.7510204081632653,0.16582111599325472,0.49764519100200855,0.7532316141560481,2019,linear_full_c05
509,0.7465618860510805,0.17727263648592567,0.5305639314780994,0.7448588640334746,2020,linear_full_c05
733,0.7203274215552524,0.1850238406072447,0.5521235094897018,0.7555492174869767,2021,linear_full_c05
735,0.6993197278911565,0.19291967614343503,0.5666862462372705,0.7427526052377983,2022,linear_full_c05
751,0.7336884154460719,0.1719627522344366,0.5146645350100552,0.737795988845218,2023,linear_full_c05
763,0.7116644823066841,0.18650984566225154,0.5487622748848218,0.7366548673637223,2024,linear_full_c05
773,0.7166882276843467,0.182443842567438,0.5394351022494064,0.7381632246205093,2025,linear_full_c05
734,0.7520435967302452,0.16635030328430564,0.4984872919699785,0.7516217035909083,2018,linear_full_c10
735,0.7482993197278912,0.16606412260754813,0.49823478581578995,0.7535568756919817,2019,linear_full_c10
509,0.7465618860510805,0.177552226174552,0.5316775604710229,0.7453018151411307,2020,linear_full_c10
733,0.7216916780354706,0.18510613816817176,0.5527229646679054,0.7559130569838529,2021,linear_full_c10
735,0.6979591836734694,0.1929929361200015,0.566863065579137,0.7429905434206446,2022,linear_full_c10
751,0.7336884154460719,0.1719786181016053,0.5147425392650689,0.7378940275366109,2023,linear_full_c10
763,0.7116644823066841,0.18649830987189306,0.5487331621975963,0.7368670032248953,2024,linear_full_c10
773,0.7166882276843467,0.1824487741812462,0.5394563804192525,0.7383267833771745,2025,linear_full_c10
734,0.7397820163487738,0.1717469721936719,0.516072716589607,0.7721737925516985,2018,histgb_full_l2_1
735,0.7414965986394558,0.1652917915979472,0.4964641646392895,0.7733779443380221,2019,histgb_full_l2_1
509,0.7111984282907662,0.18919964865488403,0.5606799717951504,0.7605747813951143,2020,histgb_full_l2_1
733,0.7162346521145976,0.18570182037414648,0.5533223874622873,0.7593985109033861,2021,histgb_full_l2_1
735,0.7006802721088435,0.19800516038620253,0.5812654823675661,0.7515556276924203,2022,histgb_full_l2_1
751,0.7416777629826897,0.17379488683550542,0.5218745037835483,0.7439145272967752,2023,histgb_full_l2_1
763,0.7129750982961992,0.188122643569719,0.5530314838192664,0.7413099064668552,2024,histgb_full_l2_1
773,0.7179818887451488,0.18302703474915644,0.5388952271865706,0.7469027216465594,2025,histgb_full_l2_1
734,0.7547683923705722,0.17260984261757106,0.5185451673544875,0.7704054271964302,2018,histgb_full_l2_5
735,0.7591836734693878,0.1643616622271481,0.4944269816743519,0.7736112610912135,2019,histgb_full_l2_5
509,0.7269155206286837,0.18698034358966006,0.5540291139229395,0.7585334470919448,2020,histgb_full_l2_5
733,0.713506139154161,0.1849450065477479,0.5490973178872091,0.759711645919251,2021,histgb_full_l2_5
735,0.7034013605442176,0.19926589725696608,0.5853933006235048,0.7539598673131734,2022,histgb_full_l2_5
751,0.7523302263648469,0.17363255309593345,0.5233631994793276,0.7465123700377307,2023,histgb_full_l2_5
763,0.7129750982961992,0.18708952773926463,0.5496727105891265,0.7420378379711751,2024,histgb_full_l2_5
773,0.7270375161707633,0.18147862422748506,0.5347303847046692,0.7463079798452739,2025,histgb_full_l2_5
734,0.7574931880108992,0.17160829293770566,0.5144091885317402,0.7704992889862355,2018,histgb_full_l2_10
735,0.7537414965986394,0.16359895647949635,0.49254048128015593,0.7716549599520969,2019,histgb_full_l2_10
509,0.724950884086444,0.18814115784960872,0.5575616597169682,0.7603692783614728,2020,histgb_full_l2_10
733,0.7121418826739427,0.1853663634645569,0.5499237118844519,0.7590486247989825,2021,histgb_full_l2_10
735,0.708843537414966,0.19780839134762276,0.581630671695522,0.7544259372296686,2022,histgb_full_l2_10
751,0.7403462050599201,0.17418656700229596,0.5240500740283528,0.7463295645621175,2023,histgb_full_l2_10
763,0.7077326343381389,0.1868319957640615,0.548951009318833,0.7449919507898395,2024,histgb_full_l2_10
773,0.7270375161707633,0.18247302175950667,0.5362434958836423,0.7468823138435419,2025,histgb_full_l2_10
