game_id,away_team,home_team,v3_pick,v3_confidence,v4_pick,v4_core_confidence,v4_adjusted_confidence,explosive_extreme,turnover_risk_flag,early_down_risk_flag,prediction_status,qb_status_flag,captured_at_utc
2026_05_TB_DAL,TB,DAL,DAL,0.697235948760207,DAL,0.7031374142251539,0.7031374142251539,False,False,False,EARLY_LOCK,,2026-10-07T21:29:45.767066+00:00
2026_05_PHI_JAX,PHI,JAX,JAX,0.7314032594607203,JAX,0.722150322999685,0.722150322999685,False,False,False,EARLY_LOCK,,2026-10-07T21:29:45.767066+00:00
2026_05_CHI_GB,CHI,GB,CHI,0.6477844755221109,CHI,0.6343195755465904,0.6343195755465904,False,False,False,EARLY_LOCK,,2026-10-07T21:29:45.767066+00:00
2026_05_CIN_MIA,CIN,MIA,CIN,0.6821575016433266,CIN,0.681937909012762,0.681937909012762,False,False,False,EARLY_LOCK,,2026-10-07T21:29:45.767066+00:00
2026_05_CLE_NYJ,CLE,NYJ,CLE,0.5328330961732235,CLE,0.530462851468535,0.5182922092020488,True,False,False,EARLY_LOCK,,2026-10-07T21:29:45.767066+00:00
2026_05_HOU_TEN,HOU,TEN,HOU,0.606747610734374,HOU,0.6063025465058235,0.6063025465058234,False,False,False,EARLY_LOCK,,2026-10-07T21:29:45.767066+00:00
2026_05_IND_PIT,IND,PIT,PIT,0.5734783181088623,PIT,0.575562813659146,0.575562813659146,False,False,False,EARLY_LOCK,,2026-10-07T21:29:45.767066+00:00
2026_05_LV_NE,LV,NE,NE,0.5999918588244184,NE,0.5976923732576875,0.5683846612803812,False,True,False,EARLY_LOCK,,2026-10-07T21:29:45.767066+00:00
2026_05_MIN_NO,MIN,NO,MIN,0.5798253126759103,MIN,0.5821415202369642,0.557499064165875,False,False,True,EARLY_LOCK,,2026-10-07T21:29:45.767066+00:00
2026_05_NYG_WAS,NYG,WAS,NYG,0.5403029168685474,NYG,0.5376492399590294,0.5376492399590294,False,False,False,EARLY_LOCK,Jayden Daniels assumed starter; expected but not final,2026-10-07T21:29:45.767066+00:00
2026_05_DEN_LAC,DEN,LAC,DEN,0.5725264923879503,DEN,0.5656916271943164,0.5656916271943164,False,False,False,EARLY_LOCK,,2026-10-07T21:29:45.767066+00:00
2026_05_DET_ARI,DET,ARI,DET,0.6487616685211037,DET,0.6437184456353806,0.6437184456353806,False,False,False,EARLY_LOCK,,2026-10-07T21:29:45.767066+00:00
2026_05_SF_SEA,SF,SEA,SF,0.5975960278054716,SF,0.6365357221576521,0.6620473816999242,True,False,False,EARLY_LOCK,,2026-10-07T21:29:45.767066+00:00
2026_05_BAL_ATL,BAL,ATL,BAL,0.5338608612247691,BAL,0.5353341673260135,0.5353341673260135,False,False,False,EARLY_LOCK,Lamar Jackson assumed starter; status uncertain,2026-10-07T21:29:45.767066+00:00
2026_05_BUF_LA,BUF,LA,BUF,0.5237464548077455,BUF,0.5203733895328905,0.5203733895328905,False,False,False,EARLY_LOCK,,2026-10-07T21:29:45.767066+00:00
