prediction_id,model_version,snapshot_created_utc,game_id,season,week,kickoff_utc,kickoff_time_tbd,away_team,home_team,predicted_winner,home_win_prob,confidence,market_used_for_pick,status
CFBV1_2026_401856716,CFB_V1,2026-10-10T09:07:42.153688+00:00,401856716,2026,6,2026-10-10 16:00:00+00:00,False,Texas A&M,Missouri,Missouri,0.5206557792753032,0.5206557792753032,False,PREGAME_SNAPSHOT
CFBV1_2026_401856823,CFB_V1,2026-10-10T09:07:42.153688+00:00,401856823,2026,6,2026-10-10 16:00:00+00:00,False,Arizona,West Virginia,Arizona,0.2054611839450771,0.7945388160549229,False,PREGAME_SNAPSHOT
CFBV1_2026_401856824,CFB_V1,2026-10-10T09:07:42.153688+00:00,401856824,2026,6,2026-10-10 16:00:00+00:00,False,UCF,Oklahoma State,UCF,0.4147866629040039,0.5852133370959961,False,PREGAME_SNAPSHOT
CFBV1_2026_401858256,CFB_V1,2026-10-10T09:07:42.153688+00:00,401858256,2026,6,2026-10-10 16:00:00+00:00,False,North Carolina,Pittsburgh,Pittsburgh,0.7045651533014944,0.7045651533014944,False,PREGAME_SNAPSHOT
CFBV1_2026_401858260,CFB_V1,2026-10-10T09:07:42.153688+00:00,401858260,2026,6,2026-10-10 16:00:00+00:00,False,Wake Forest,NC State,Wake Forest,0.4897898038234653,0.5102101961765346,False,PREGAME_SNAPSHOT
CFBV1_2026_401858481,CFB_V1,2026-10-10T09:07:42.153688+00:00,401858481,2026,6,2026-10-10 16:00:00+00:00,False,Indiana,Nebraska,Indiana,0.2360185699611142,0.7639814300388859,False,PREGAME_SNAPSHOT
CFBV1_2026_401862795,CFB_V1,2026-10-10T09:07:42.153688+00:00,401862795,2026,6,2026-10-10 16:00:00+00:00,False,Tulane,Army,Army,0.5010467049393938,0.5010467049393938,False,PREGAME_SNAPSHOT
CFBV1_2026_401866436,CFB_V1,2026-10-10T09:07:42.153688+00:00,401866436,2026,6,2026-10-10 16:00:00+00:00,False,Sacramento State,Bowling Green,Bowling Green,0.532916078948388,0.532916078948388,False,PREGAME_SNAPSHOT
CFBV1_2026_401858482,CFB_V1,2026-10-10T09:07:42.153688+00:00,401858482,2026,6,2026-10-10 16:30:00+00:00,False,Ball State,Northwestern,Northwestern,0.9694729020914663,0.9694729020914663,False,PREGAME_SNAPSHOT
CFBV1_2026_401856714,CFB_V1,2026-10-10T09:07:42.153688+00:00,401856714,2026,6,2026-10-10 16:45:00+00:00,False,South Carolina,Florida,Florida,0.7475792645535427,0.7475792645535427,False,PREGAME_SNAPSHOT
CFBV1_2026_401869843,CFB_V1,2026-10-10T09:07:42.153688+00:00,401869843,2026,6,2026-10-10 17:00:00+00:00,False,Old Dominion,App State,App State,0.7511973427176392,0.7511973427176392,False,PREGAME_SNAPSHOT
CFBV1_2026_401866440,CFB_V1,2026-10-10T09:07:42.153688+00:00,401866440,2026,6,2026-10-10 18:00:00+00:00,False,Miami (OH),UMass,UMass,0.5113910598734289,0.5113910598734289,False,PREGAME_SNAPSHOT
CFBV1_2026_401856717,CFB_V1,2026-10-10T09:07:42.153688+00:00,401856717,2026,6,2026-10-10 19:30:00+00:00,False,Texas,Oklahoma,Texas,0.3084855905885467,0.6915144094114534,False,PREGAME_SNAPSHOT
CFBV1_2026_401856718,CFB_V1,2026-10-10T09:07:42.153688+00:00,401856718,2026,6,2026-10-10 19:30:00+00:00,False,Ole Miss,Vanderbilt,Ole Miss,0.49825208211989264,0.5017479178801074,False,PREGAME_SNAPSHOT
CFBV1_2026_401856825,CFB_V1,2026-10-10T09:07:42.153688+00:00,401856825,2026,6,2026-10-10 19:30:00+00:00,False,Houston,Kansas State,Kansas State,0.627937578722105,0.627937578722105,False,PREGAME_SNAPSHOT
CFBV1_2026_401858255,CFB_V1,2026-10-10T09:07:42.153688+00:00,401858255,2026,6,2026-10-10 19:30:00+00:00,False,Duke,Georgia Tech,Duke,0.38850538291555897,0.6114946170844411,False,PREGAME_SNAPSHOT
CFBV1_2026_401858257,CFB_V1,2026-10-10T09:07:42.153688+00:00,401858257,2026,6,2026-10-10 19:30:00+00:00,False,Stanford,Notre Dame,Notre Dame,0.9935617712078358,0.9935617712078358,False,PREGAME_SNAPSHOT
CFBV1_2026_401858259,CFB_V1,2026-10-10T09:07:42.153688+00:00,401858259,2026,6,2026-10-10 19:30:00+00:00,False,Virginia Tech,California,Virginia Tech,0.33022156744642833,0.6697784325535716,False,PREGAME_SNAPSHOT
CFBV1_2026_401858480,CFB_V1,2026-10-10T09:07:42.153688+00:00,401858480,2026,6,2026-10-10 19:30:00+00:00,False,Illinois,Michigan State,Illinois,0.3369598034521821,0.6630401965478179,False,PREGAME_SNAPSHOT
CFBV1_2026_401858484,CFB_V1,2026-10-10T09:07:42.153688+00:00,401858484,2026,6,2026-10-10 19:30:00+00:00,False,UCLA,Oregon,Oregon,0.8747309587915209,0.8747309587915209,False,PREGAME_SNAPSHOT
CFBV1_2026_401862796,CFB_V1,2026-10-10T09:07:42.153688+00:00,401862796,2026,6,2026-10-10 19:30:00+00:00,False,Charlotte,North Texas,North Texas,0.9574817405243621,0.9574817405243621,False,PREGAME_SNAPSHOT
CFBV1_2026_401862799,CFB_V1,2026-10-10T09:07:42.153688+00:00,401862799,2026,6,2026-10-10 19:30:00+00:00,False,Tulsa,Navy,Navy,0.6239247167594243,0.6239247167594243,False,PREGAME_SNAPSHOT
CFBV1_2026_401866435,CFB_V1,2026-10-10T09:07:42.153688+00:00,401866435,2026,6,2026-10-10 19:30:00+00:00,False,Eastern Michigan,Akron,Eastern Michigan,0.25301733435609974,0.7469826656439003,False,PREGAME_SNAPSHOT
CFBV1_2026_401866437,CFB_V1,2026-10-10T09:07:42.153688+00:00,401866437,2026,6,2026-10-10 19:30:00+00:00,False,Buffalo,Toledo,Toledo,0.8752236989771904,0.8752236989771904,False,PREGAME_SNAPSHOT
CFBV1_2026_401866438,CFB_V1,2026-10-10T09:07:42.153688+00:00,401866438,2026,6,2026-10-10 19:30:00+00:00,False,Central Michigan,Ohio,Ohio,0.6875932634495449,0.6875932634495449,False,PREGAME_SNAPSHOT
CFBV1_2026_401866439,CFB_V1,2026-10-10T09:07:42.153688+00:00,401866439,2026,6,2026-10-10 19:30:00+00:00,False,Kent State,Western Michigan,Western Michigan,0.907149769272281,0.907149769272281,False,PREGAME_SNAPSHOT
CFBV1_2026_401861964,CFB_V1,2026-10-10T09:07:42.153688+00:00,401861964,2026,6,2026-10-10 19:45:00+00:00,False,Connecticut,Temple,Temple,0.6802592495748259,0.6802592495748259,False,PREGAME_SNAPSHOT
CFBV1_2026_401862797,CFB_V1,2026-10-10T09:07:42.153688+00:00,401862797,2026,6,2026-10-10 20:00:00+00:00,False,Rice,East Carolina,East Carolina,0.8053583716188385,0.8053583716188385,False,PREGAME_SNAPSHOT
CFBV1_2026_401856713,CFB_V1,2026-10-10T09:07:42.153688+00:00,401856713,2026,6,2026-10-10 20:15:00+00:00,False,Tennessee,Arkansas,Tennessee,0.18964434795669705,0.810355652043303,False,PREGAME_SNAPSHOT
CFBV1_2026_401858483,CFB_V1,2026-10-10T09:07:42.153688+00:00,401858483,2026,6,2026-10-10 20:15:00+00:00,False,Maryland,Ohio State,Ohio State,0.975419505596758,0.975419505596758,False,PREGAME_SNAPSHOT
CFBV1_2026_401860902,CFB_V1,2026-10-10T09:07:42.153688+00:00,401860902,2026,6,2026-10-10 22:00:00+00:00,False,San Diego State,Oregon State,Oregon State,0.63301739572104,0.63301739572104,False,PREGAME_SNAPSHOT
CFBV1_2026_401856715,CFB_V1,2026-10-10T09:07:42.153688+00:00,401856715,2026,6,2026-10-10 23:00:00+00:00,False,LSU,Kentucky,LSU,0.16002115401006298,0.839978845989937,False,PREGAME_SNAPSHOT
CFBV1_2026_401862798,CFB_V1,2026-10-10T09:07:42.153688+00:00,401862798,2026,6,2026-10-10 23:00:00+00:00,False,UAB,Memphis,Memphis,0.8484348962565098,0.8484348962565098,False,PREGAME_SNAPSHOT
CFBV1_2026_401864517,CFB_V1,2026-10-10T09:07:42.153688+00:00,401864517,2026,6,2026-10-10 23:00:00+00:00,False,Nevada,UTEP,Nevada,0.3212549886723599,0.6787450113276401,False,PREGAME_SNAPSHOT
CFBV1_2026_401864518,CFB_V1,2026-10-10T09:07:42.153688+00:00,401864518,2026,6,2026-10-10 23:00:00+00:00,False,North Dakota State,UNLV,UNLV,0.5193504137127198,0.5193504137127198,False,PREGAME_SNAPSHOT
CFBV1_2026_401869943,CFB_V1,2026-10-10T09:07:42.153688+00:00,401869943,2026,6,2026-10-10 23:00:00+00:00,False,Coastal Carolina,Marshall,Marshall,0.5594522832347288,0.5594522832347288,False,PREGAME_SNAPSHOT
CFBV1_2026_401856712,CFB_V1,2026-10-10T09:07:42.153688+00:00,401856712,2026,6,2026-10-10 23:30:00+00:00,False,Georgia,Alabama,Georgia,0.4155892116610499,0.5844107883389501,False,PREGAME_SNAPSHOT
CFBV1_2026_401858258,CFB_V1,2026-10-10T09:07:42.153688+00:00,401858258,2026,6,2026-10-10 23:30:00+00:00,False,Syracuse,Virginia,Virginia,0.8011893961123325,0.8011893961123325,False,PREGAME_SNAPSHOT
CFBV1_2026_401858485,CFB_V1,2026-10-10T09:07:42.153688+00:00,401858485,2026,6,2026-10-10 23:30:00+00:00,False,USC,Penn State,USC,0.38542215734884794,0.6145778426511521,False,PREGAME_SNAPSHOT
CFBV1_2026_401864516,CFB_V1,2026-10-10T09:07:42.153688+00:00,401864516,2026,6,2026-10-10 23:30:00+00:00,False,Air Force,Northern Illinois,Air Force,0.2962322521939672,0.7037677478060328,False,PREGAME_SNAPSHOT
CFBV1_2026_401869949,CFB_V1,2026-10-10T09:07:42.153688+00:00,401869949,2026,6,2026-10-10 23:30:00+00:00,False,James Madison,Georgia Southern,James Madison,0.1847664591344093,0.8152335408655906,False,PREGAME_SNAPSHOT
CFBV1_2026_401869965,CFB_V1,2026-10-10T09:07:42.153688+00:00,401869965,2026,6,2026-10-10 23:30:00+00:00,False,Louisiana,Louisiana Tech,Louisiana Tech,0.5437905935471526,0.5437905935471526,False,PREGAME_SNAPSHOT
CFBV1_2026_401858486,CFB_V1,2026-10-10T09:07:42.153688+00:00,401858486,2026,6,2026-10-11 00:00:00+00:00,False,Minnesota,Purdue,Minnesota,0.4113704675355765,0.5886295324644235,False,PREGAME_SNAPSHOT
CFBV1_2026_401856808,CFB_V1,2026-10-10T09:07:42.153688+00:00,401856808,2026,6,2026-10-11 01:30:00+00:00,False,Hawai'i,Arizona State,Arizona State,0.7361392093373986,0.7361392093373986,False,PREGAME_SNAPSHOT
CFBV1_2026_401856827,CFB_V1,2026-10-10T09:07:42.153688+00:00,401856827,2026,6,2026-10-11 02:15:00+00:00,False,Kansas,Utah,Utah,0.7848712742830312,0.7848712742830312,False,PREGAME_SNAPSHOT
CFBV1_2026_401860901,CFB_V1,2026-10-10T09:07:42.153688+00:00,401860901,2026,6,2026-10-11 02:30:00+00:00,False,Boise State,Fresno State,Boise State,0.4122943951164487,0.5877056048835513,False,PREGAME_SNAPSHOT
CFBV1_2026_401871067,CFB_V1,2026-10-10T09:07:42.153688+00:00,401871067,2026,7,2026-10-13 23:00:00+00:00,False,Delaware,Middle Tennessee,Delaware,0.43295202004052546,0.5670479799594745,False,PREGAME_SNAPSHOT
CFBV1_2026_401871053,CFB_V1,2026-10-10T09:07:42.153688+00:00,401871053,2026,7,2026-10-14 00:00:00+00:00,False,Florida International,Jacksonville State,Jacksonville State,0.7244461100028343,0.7244461100028343,False,PREGAME_SNAPSHOT
CFBV1_2026_401871054,CFB_V1,2026-10-10T09:07:42.153688+00:00,401871054,2026,7,2026-10-14 23:30:00+00:00,False,Kennesaw State,Missouri State,Missouri State,0.6468114095609815,0.6468114095609815,False,PREGAME_SNAPSHOT
CFBV1_2026_401871068,CFB_V1,2026-10-10T09:07:42.153688+00:00,401871068,2026,7,2026-10-15 00:00:00+00:00,False,Western Kentucky,Sam Houston State,Sam Houston State,0.5193448056790442,0.5193448056790442,False,PREGAME_SNAPSHOT
CFBV1_2026_401862800,CFB_V1,2026-10-10T09:07:42.153688+00:00,401862800,2026,7,2026-10-15 23:30:00+00:00,False,East Carolina,UAB,East Carolina,0.4919311082461957,0.5080688917538043,False,PREGAME_SNAPSHOT
CFBV1_2026_401869950,CFB_V1,2026-10-10T09:07:42.153688+00:00,401869950,2026,7,2026-10-15 23:30:00+00:00,False,Georgia Southern,Old Dominion,Georgia Southern,0.3228518097043573,0.6771481902956427,False,PREGAME_SNAPSHOT
CFBV1_2026_401860923,CFB_V1,2026-10-10T09:07:42.153688+00:00,401860923,2026,7,2026-10-16 00:00:00+00:00,False,Colorado State,Texas State,Texas State,0.8685516148565975,0.8685516148565975,False,PREGAME_SNAPSHOT
CFBV1_2026_401862801,CFB_V1,2026-10-10T09:07:42.153688+00:00,401862801,2026,7,2026-10-16 23:30:00+00:00,False,Memphis,Tulane,Memphis,0.32418940395121393,0.6758105960487861,False,PREGAME_SNAPSHOT
CFBV1_2026_401858493,CFB_V1,2026-10-10T09:07:42.153688+00:00,401858493,2026,7,2026-10-17 00:00:00+00:00,False,Washington,Purdue,Washington,0.16979839131758404,0.830201608682416,False,PREGAME_SNAPSHOT
CFBV1_2026_401869844,CFB_V1,2026-10-10T09:07:42.153688+00:00,401869844,2026,7,2026-10-17 00:00:00+00:00,False,App State,Coastal Carolina,App State,0.4963818092174203,0.5036181907825796,False,PREGAME_SNAPSHOT
CFBV1_2026_401856833,CFB_V1,2026-10-10T09:07:42.153688+00:00,401856833,2026,7,2026-10-17 04:00:00+00:00,True,Utah,Colorado,Utah,0.09675366666327678,0.9032463333367232,False,PREGAME_SNAPSHOT
CFBV1_2026_401858269,CFB_V1,2026-10-10T09:07:42.153688+00:00,401858269,2026,7,2026-10-17 04:00:00+00:00,True,Wake Forest,California,Wake Forest,0.26311366819026877,0.7368863318097312,False,PREGAME_SNAPSHOT
CFBV1_2026_401858490,CFB_V1,2026-10-10T09:07:42.153688+00:00,401858490,2026,7,2026-10-17 04:00:00+00:00,True,Penn State,Michigan,Michigan,0.6662476842254959,0.6662476842254959,False,PREGAME_SNAPSHOT
CFBV1_2026_401858492,CFB_V1,2026-10-10T09:07:42.153688+00:00,401858492,2026,7,2026-10-17 04:00:00+00:00,True,Nebraska,Oregon,Oregon,0.749444501187721,0.749444501187721,False,PREGAME_SNAPSHOT
CFBV1_2026_401858494,CFB_V1,2026-10-10T09:07:42.153688+00:00,401858494,2026,7,2026-10-17 04:00:00+00:00,True,Wisconsin,UCLA,UCLA,0.5247026045404617,0.5247026045404617,False,PREGAME_SNAPSHOT
CFBV1_2026_401856720,CFB_V1,2026-10-10T09:07:42.153688+00:00,401856720,2026,7,2026-10-17 16:00:00+00:00,False,Mississippi State,LSU,LSU,0.885323069219184,0.885323069219184,False,PREGAME_SNAPSHOT
CFBV1_2026_401856724,CFB_V1,2026-10-10T09:07:42.153688+00:00,401856724,2026,7,2026-10-17 16:00:00+00:00,False,Florida,Texas,Texas,0.6972206032507224,0.6972206032507224,False,PREGAME_SNAPSHOT
CFBV1_2026_401856829,CFB_V1,2026-10-10T09:07:42.153688+00:00,401856829,2026,7,2026-10-17 16:00:00+00:00,False,Cincinnati,West Virginia,Cincinnati,0.4774832236367542,0.5225167763632458,False,PREGAME_SNAPSHOT
CFBV1_2026_401856830,CFB_V1,2026-10-10T09:07:42.153688+00:00,401856830,2026,7,2026-10-17 16:00:00+00:00,False,Kansas,Kansas State,Kansas State,0.5906094073989483,0.5906094073989483,False,PREGAME_SNAPSHOT
CFBV1_2026_401858267,CFB_V1,2026-10-10T09:07:42.153688+00:00,401858267,2026,7,2026-10-17 16:00:00+00:00,False,Pittsburgh,Boston College,Pittsburgh,0.20985450297551986,0.7901454970244801,False,PREGAME_SNAPSHOT
CFBV1_2026_401858268,CFB_V1,2026-10-10T09:07:42.153688+00:00,401858268,2026,7,2026-10-17 16:00:00+00:00,False,Virginia,SMU,SMU,0.7029382418912664,0.7029382418912664,False,PREGAME_SNAPSHOT
CFBV1_2026_401858488,CFB_V1,2026-10-10T09:07:42.153688+00:00,401858488,2026,7,2026-10-17 16:00:00+00:00,False,Ohio State,Indiana,Indiana,0.5815227319706534,0.5815227319706534,False,PREGAME_SNAPSHOT
CFBV1_2026_401858491,CFB_V1,2026-10-10T09:07:42.153688+00:00,401858491,2026,7,2026-10-17 16:00:00+00:00,False,Northwestern,Michigan State,Northwestern,0.19506352776835723,0.8049364722316428,False,PREGAME_SNAPSHOT
CFBV1_2026_401862802,CFB_V1,2026-10-10T09:07:42.153688+00:00,401862802,2026,7,2026-10-17 16:00:00+00:00,False,Florida Atlantic,Army,Army,0.6574651099593771,0.6574651099593771,False,PREGAME_SNAPSHOT
CFBV1_2026_401866441,CFB_V1,2026-10-10T09:07:42.153688+00:00,401866441,2026,7,2026-10-17 16:00:00+00:00,False,Ball State,Bowling Green,Bowling Green,0.633379979923794,0.633379979923794,False,PREGAME_SNAPSHOT
CFBV1_2026_401869957,CFB_V1,2026-10-10T09:07:42.153688+00:00,401869957,2026,7,2026-10-17 16:00:00+00:00,False,Georgia State,James Madison,James Madison,0.8868137880675779,0.8868137880675779,False,PREGAME_SNAPSHOT
CFBV1_2026_401858489,CFB_V1,2026-10-10T09:07:42.153688+00:00,401858489,2026,7,2026-10-17 16:30:00+00:00,False,Rutgers,Maryland,Maryland,0.6807164603332206,0.6807164603332206,False,PREGAME_SNAPSHOT
CFBV1_2026_401862803,CFB_V1,2026-10-10T09:07:42.153688+00:00,401862803,2026,7,2026-10-17 17:00:00+00:00,False,Charlotte,Temple,Temple,0.8454908465194709,0.8454908465194709,False,PREGAME_SNAPSHOT
CFBV1_2026_401866442,CFB_V1,2026-10-10T09:07:42.153688+00:00,401866442,2026,7,2026-10-17 17:00:00+00:00,False,UMass,Buffalo,Buffalo,0.6846276464889232,0.6846276464889232,False,PREGAME_SNAPSHOT
CFBV1_2026_401866443,CFB_V1,2026-10-10T09:07:42.153688+00:00,401866443,2026,7,2026-10-17 17:30:00+00:00,False,Western Michigan,Central Michigan,Western Michigan,0.4608751595963547,0.5391248404036453,False,PREGAME_SNAPSHOT
CFBV1_2026_401856719,CFB_V1,2026-10-10T09:07:42.153688+00:00,401856719,2026,7,2026-10-17 19:30:00+00:00,False,Auburn,Georgia,Georgia,0.9349819588722829,0.9349819588722829,False,PREGAME_SNAPSHOT
CFBV1_2026_401856721,CFB_V1,2026-10-10T09:07:42.153688+00:00,401856721,2026,7,2026-10-17 19:30:00+00:00,False,Missouri,Ole Miss,Ole Miss,0.6337323266195439,0.6337323266195439,False,PREGAME_SNAPSHOT
CFBV1_2026_401856723,CFB_V1,2026-10-10T09:07:42.153688+00:00,401856723,2026,7,2026-10-17 19:30:00+00:00,False,Alabama,Tennessee,Alabama,0.36372940973203,0.63627059026797,False,PREGAME_SNAPSHOT
CFBV1_2026_401856828,CFB_V1,2026-10-10T09:07:42.153688+00:00,401856828,2026,7,2026-10-17 19:30:00+00:00,False,Arizona State,Texas Tech,Texas Tech,0.9236659945628498,0.9236659945628498,False,PREGAME_SNAPSHOT
CFBV1_2026_401858264,CFB_V1,2026-10-10T09:07:42.153688+00:00,401858264,2026,7,2026-10-17 19:30:00+00:00,False,Georgia Tech,Virginia Tech,Virginia Tech,0.7138351339719357,0.7138351339719357,False,PREGAME_SNAPSHOT
CFBV1_2026_401858266,CFB_V1,2026-10-10T09:07:42.153688+00:00,401858266,2026,7,2026-10-17 19:30:00+00:00,False,North Carolina,Duke,Duke,0.6262800268336292,0.6262800268336292,False,PREGAME_SNAPSHOT
CFBV1_2026_401864522,CFB_V1,2026-10-10T09:07:42.153688+00:00,401864522,2026,7,2026-10-17 19:30:00+00:00,False,Northern Illinois,Wyoming,Wyoming,0.738599147505854,0.738599147505854,False,PREGAME_SNAPSHOT
CFBV1_2026_401864524,CFB_V1,2026-10-10T09:07:42.153688+00:00,401864524,2026,7,2026-10-17 19:30:00+00:00,False,UNLV,Air Force,Air Force,0.510117527402582,0.510117527402582,False,PREGAME_SNAPSHOT
CFBV1_2026_401866444,CFB_V1,2026-10-10T09:07:42.153688+00:00,401866444,2026,7,2026-10-17 19:30:00+00:00,False,Toledo,Eastern Michigan,Toledo,0.24352942810874328,0.7564705718912568,False,PREGAME_SNAPSHOT
CFBV1_2026_401866478,CFB_V1,2026-10-10T09:07:42.153688+00:00,401866478,2026,7,2026-10-17 19:30:00+00:00,False,Akron,Miami (OH),Miami (OH),0.8338600104412128,0.8338600104412128,False,PREGAME_SNAPSHOT
CFBV1_2026_401862805,CFB_V1,2026-10-10T09:07:42.153688+00:00,401862805,2026,7,2026-10-17 20:30:00+00:00,False,Tulsa,Rice,Rice,0.5858634336724113,0.5858634336724113,False,PREGAME_SNAPSHOT
CFBV1_2026_401869966,CFB_V1,2026-10-10T09:07:42.153688+00:00,401869966,2026,7,2026-10-17 21:00:00+00:00,False,Troy,Louisiana,Louisiana,0.6087392693722491,0.6087392693722491,False,PREGAME_SNAPSHOT
CFBV1_2026_401860903,CFB_V1,2026-10-10T09:07:42.153688+00:00,401860903,2026,7,2026-10-17 22:00:00+00:00,False,Washington State,Oregon State,Oregon State,0.5325322473693168,0.5325322473693168,False,PREGAME_SNAPSHOT
CFBV1_2026_401856726,CFB_V1,2026-10-10T09:07:42.153688+00:00,401856726,2026,7,2026-10-17 23:00:00+00:00,False,Arkansas,Vanderbilt,Vanderbilt,0.8327121681797653,0.8327121681797653,False,PREGAME_SNAPSHOT
CFBV1_2026_401856832,CFB_V1,2026-10-10T09:07:42.153688+00:00,401856832,2026,7,2026-10-17 23:00:00+00:00,False,TCU,Baylor,Baylor,0.6192465315707274,0.6192465315707274,False,PREGAME_SNAPSHOT
CFBV1_2026_401858263,CFB_V1,2026-10-10T09:07:42.153688+00:00,401858263,2026,7,2026-10-17 23:00:00+00:00,False,Florida State,Miami,Miami,0.8857845770449932,0.8857845770449932,False,PREGAME_SNAPSHOT
CFBV1_2026_401862806,CFB_V1,2026-10-10T09:07:42.153688+00:00,401862806,2026,7,2026-10-17 23:00:00+00:00,False,Kent State,South Florida,South Florida,0.9792677575185396,0.9792677575185396,False,PREGAME_SNAPSHOT
CFBV1_2026_401864520,CFB_V1,2026-10-10T09:07:42.153688+00:00,401864520,2026,7,2026-10-17 23:00:00+00:00,False,Nevada,North Dakota State,North Dakota State,0.8592562305787482,0.8592562305787482,False,PREGAME_SNAPSHOT
CFBV1_2026_401869934,CFB_V1,2026-10-10T09:07:42.153688+00:00,401869934,2026,7,2026-10-17 23:00:00+00:00,False,Arkansas State,Southern Mississippi,Southern Mississippi,0.5304052663899226,0.5304052663899226,False,PREGAME_SNAPSHOT
CFBV1_2026_401856722,CFB_V1,2026-10-10T09:07:42.153688+00:00,401856722,2026,7,2026-10-17 23:30:00+00:00,False,Kentucky,Oklahoma,Oklahoma,0.8137451215196831,0.8137451215196831,False,PREGAME_SNAPSHOT
CFBV1_2026_401856809,CFB_V1,2026-10-10T09:07:42.153688+00:00,401856809,2026,7,2026-10-17 23:30:00+00:00,False,Notre Dame,BYU,Notre Dame,0.2086504961168008,0.7913495038831992,False,PREGAME_SNAPSHOT
CFBV1_2026_401856831,CFB_V1,2026-10-10T09:07:42.153688+00:00,401856831,2026,7,2026-10-17 23:30:00+00:00,False,Oklahoma State,Houston,Houston,0.854652243843516,0.854652243843516,False,PREGAME_SNAPSHOT
CFBV1_2026_401858265,CFB_V1,2026-10-10T09:07:42.153688+00:00,401858265,2026,7,2026-10-17 23:30:00+00:00,False,Louisville,Syracuse,Louisville,0.2184932942718382,0.7815067057281618,False,PREGAME_SNAPSHOT
CFBV1_2026_401862804,CFB_V1,2026-10-10T09:07:42.153688+00:00,401862804,2026,7,2026-10-18 00:00:00+00:00,False,Navy,UT San Antonio,UT San Antonio,0.7976449836846672,0.7976449836846672,False,PREGAME_SNAPSHOT
CFBV1_2026_401871091,CFB_V1,2026-10-10T09:07:42.153688+00:00,401871091,2026,7,2026-10-18 00:00:00+00:00,False,Louisiana Tech,Louisiana Monroe,Louisiana Tech,0.20089999925932212,0.7991000007406779,False,PREGAME_SNAPSHOT
CFBV1_2026_401864523,CFB_V1,2026-10-10T09:07:42.153688+00:00,401864523,2026,7,2026-10-18 01:00:00+00:00,False,San José State,UTEP,San José State,0.24318856528384106,0.756811434716159,False,PREGAME_SNAPSHOT
CFBV1_2026_401866445,CFB_V1,2026-10-10T09:07:42.153688+00:00,401866445,2026,7,2026-10-18 02:00:00+00:00,False,Ohio,Sacramento State,Ohio,0.49568708031681324,0.5043129196831868,False,PREGAME_SNAPSHOT
CFBV1_2026_401860904,CFB_V1,2026-10-10T09:07:42.153688+00:00,401860904,2026,7,2026-10-18 02:30:00+00:00,False,Fresno State,San Diego State,Fresno State,0.3398636384562269,0.6601363615437731,False,PREGAME_SNAPSHOT
CFBV1_2026_401864521,CFB_V1,2026-10-10T09:07:42.153688+00:00,401864521,2026,7,2026-10-18 02:30:00+00:00,False,New Mexico,Hawai'i,New Mexico,0.2783945888356987,0.7216054111643013,False,PREGAME_SNAPSHOT
