prediction_id,model_version,snapshot_created_utc,game_id,season,week,kickoff_utc,away_team,home_team,predicted_winner,home_win_prob,confidence,market_used_for_pick,status,kickoff_time_tbd,home_points_final,away_points_final,actual_winner,correct,brier,settled_at_utc,schedule_kickoff_utc
CFBV1_2026_401871051,CFB_V1,2026-10-06T03:25:05.162651+00:00,401871051,2026,6,2026-10-07 00:00:00+00:00,Jacksonville State,Kennesaw State,Jacksonville State,0.3296459417704904,0.6703540582295096,False,SETTLED,,26.0,27.0,Jacksonville State,1.0,0.1086664469257535,2026-10-08T02:43:26.383431+00:00,2026-10-07T23:00:00.000Z
CFBV1_2026_401871066,CFB_V1,2026-10-06T03:25:05.162651+00:00,401871066,2026,6,2026-10-07 00:00:00+00:00,New Mexico State,Florida International,Florida International,0.6662282134466535,0.6662282134466535,False,SETTLED,,22.0,3.0,Florida International,1.0,0.1114036054990127,2026-10-08T03:31:40.931575+00:00,2026-10-07T23:30:00.000Z
CFBV1_2026_401871090,CFB_V1,2026-10-06T03:25:05.162651+00:00,401871090,2026,6,2026-10-07 00:00:00+00:00,Southern Mississippi,Troy,Troy,0.7162464146248815,0.7162464146248815,False,SETTLED,,55.0,34.0,Troy,1.0,0.0805160972132346,2026-10-07T03:48:35.975131+00:00,2026-10-07T00:00:00.000Z
CFBV1_2026_401862794,CFB_V1,2026-10-06T03:25:05.162651+00:00,401862794,2026,6,2026-10-08 00:00:00+00:00,South Florida,UT San Antonio,South Florida,0.3035319195020231,0.6964680804979769,False,SETTLED,,31.0,24.0,UT San Antonio,0.0,0.4850677871525364,2026-10-09T03:12:49.383919+00:00,2026-10-08T23:30:00.000Z
CFBV1_2026_401869933,CFB_V1,2026-10-06T03:25:05.162651+00:00,401869933,2026,6,2026-10-08 00:00:00+00:00,South Alabama,Arkansas State,Arkansas State,0.5685737598529805,0.5685737598529805,False,SETTLED,,49.0,56.0,South Alabama,0.0,0.3232761203933548,2026-10-09T03:12:49.383919+00:00,2026-10-08T23:30:00.000Z
CFBV1_2026_401870766,CFB_V1,2026-10-06T03:25:05.162651+00:00,401870766,2026,6,2026-10-08 00:00:00+00:00,Sam Houston State,Liberty,Liberty,0.940053649656116,0.940053649656116,False,SETTLED,,35.0,3.0,Liberty,1.0,0.0035935649195516,2026-10-09T02:12:55.414193+00:00,2026-10-08T23:00:00.000Z
CFBV1_2026_401871052,CFB_V1,2026-10-06T03:25:05.162651+00:00,401871052,2026,6,2026-10-08 00:00:00+00:00,Missouri State,Western Kentucky,Western Kentucky,0.5352175821841857,0.5352175821841857,False,SETTLED,,34.0,13.0,Western Kentucky,1.0,0.2160226959107141,2026-10-09T02:12:55.414193+00:00,2026-10-08T23:00:00.000Z
CFBV1_2026_401858254,CFB_V1,2026-10-06T03:25:05.162651+00:00,401858254,2026,6,2026-10-09 00:00:00+00:00,Florida State,Louisville,Louisville,0.5957716693358277,0.5957716693358277,False,SETTLED,,44.0,20.0,Louisville,1.0,0.1634005433115434,2026-10-10T02:46:39.738527+00:00,2026-10-09T23:00:00.000Z
CFBV1_2026_401856712,CFB_V1,2026-10-06T03:25:05.162651+00:00,401856712,2026,6,2026-10-10 00:00:00+00:00,Georgia,Alabama,Georgia,0.4167645928412217,0.5832354071587782,False,PREGAME_SNAPSHOT,,,,,,,,2026-10-10T23:30:00.000Z
CFBV1_2026_401856713,CFB_V1,2026-10-06T03:25:05.162651+00:00,401856713,2026,6,2026-10-10 00:00:00+00:00,Tennessee,Arkansas,Tennessee,0.1932917040663442,0.8067082959336558,False,PREGAME_SNAPSHOT,,,,,,,,2026-10-10T20:15:00.000Z
CFBV1_2026_401856714,CFB_V1,2026-10-06T03:25:05.162651+00:00,401856714,2026,6,2026-10-10 00:00:00+00:00,South Carolina,Florida,Florida,0.7334319672550654,0.7334319672550654,False,PREGAME_SNAPSHOT,,,,,,,,2026-10-10T16:45Z
CFBV1_2026_401856715,CFB_V1,2026-10-06T03:25:05.162651+00:00,401856715,2026,6,2026-10-10 00:00:00+00:00,LSU,Kentucky,LSU,0.1842912379723451,0.8157087620276549,False,PREGAME_SNAPSHOT,,,,,,,,2026-10-10T23:00:00.000Z
CFBV1_2026_401856716,CFB_V1,2026-10-06T03:25:05.162651+00:00,401856716,2026,6,2026-10-10 00:00:00+00:00,Texas A&M,Missouri,Missouri,0.5278046372679567,0.5278046372679567,False,PREGAME_SNAPSHOT,,,,,,,,2026-10-10T16:00Z
CFBV1_2026_401856717,CFB_V1,2026-10-06T03:25:05.162651+00:00,401856717,2026,6,2026-10-10 00:00:00+00:00,Texas,Oklahoma,Texas,0.3084855905881696,0.6915144094118304,False,PREGAME_SNAPSHOT,,,,,,,,2026-10-10T19:30Z
CFBV1_2026_401856718,CFB_V1,2026-10-06T03:25:05.162651+00:00,401856718,2026,6,2026-10-10 00:00:00+00:00,Ole Miss,Vanderbilt,Ole Miss,0.4982520821197048,0.5017479178802952,False,PREGAME_SNAPSHOT,,,,,,,,2026-10-10T19:30Z
CFBV1_2026_401856823,CFB_V1,2026-10-06T03:25:05.162651+00:00,401856823,2026,6,2026-10-10 00:00:00+00:00,Arizona,West Virginia,Arizona,0.2101829669244552,0.7898170330755447,False,PREGAME_SNAPSHOT,,,,,,,,2026-10-10T16:00Z
CFBV1_2026_401856824,CFB_V1,2026-10-06T03:25:05.162651+00:00,401856824,2026,6,2026-10-10 00:00:00+00:00,UCF,Oklahoma State,UCF,0.4126856697694296,0.5873143302305703,False,PREGAME_SNAPSHOT,,,,,,,,2026-10-10T16:00Z
CFBV1_2026_401856825,CFB_V1,2026-10-06T03:25:05.162651+00:00,401856825,2026,6,2026-10-10 00:00:00+00:00,Houston,Kansas State,Kansas State,0.6287425706190896,0.6287425706190896,False,PREGAME_SNAPSHOT,,,,,,,,2026-10-10T19:30Z
CFBV1_2026_401856826,CFB_V1,2026-10-06T03:25:05.162651+00:00,401856826,2026,6,2026-10-10 00:00:00+00:00,Iowa State,BYU,BYU,0.7711884157155101,0.7711884157155101,False,SETTLED,,24.0,10.0,BYU,1.0,0.0523547411027782,2026-10-10T05:55:56.957389+00:00,2026-10-10T02:15:00.000Z
CFBV1_2026_401858255,CFB_V1,2026-10-06T03:25:05.162651+00:00,401858255,2026,6,2026-10-10 00:00:00+00:00,Duke,Georgia Tech,Duke,0.3885053829157,0.6114946170843,False,PREGAME_SNAPSHOT,,,,,,,,2026-10-10T19:30Z
CFBV1_2026_401858256,CFB_V1,2026-10-06T03:25:05.162651+00:00,401858256,2026,6,2026-10-10 00:00:00+00:00,North Carolina,Pittsburgh,Pittsburgh,0.7046527745101827,0.7046527745101827,False,PREGAME_SNAPSHOT,,,,,,,,2026-10-10T16:00Z
CFBV1_2026_401858257,CFB_V1,2026-10-06T03:25:05.162651+00:00,401858257,2026,6,2026-10-10 00:00:00+00:00,Stanford,Notre Dame,Notre Dame,0.9935634377219728,0.9935634377219728,False,PREGAME_SNAPSHOT,,,,,,,,2026-10-10T19:30Z
CFBV1_2026_401858258,CFB_V1,2026-10-06T03:25:05.162651+00:00,401858258,2026,6,2026-10-10 00:00:00+00:00,Syracuse,Virginia,Virginia,0.8012112405991683,0.8012112405991683,False,PREGAME_SNAPSHOT,,,,,,,,2026-10-10T23:30:00.000Z
CFBV1_2026_401858259,CFB_V1,2026-10-06T03:25:05.162651+00:00,401858259,2026,6,2026-10-10 00:00:00+00:00,Virginia Tech,California,Virginia Tech,0.3313745498356951,0.6686254501643049,False,PREGAME_SNAPSHOT,,,,,,,,2026-10-10T19:30Z
CFBV1_2026_401858260,CFB_V1,2026-10-06T03:25:05.162651+00:00,401858260,2026,6,2026-10-10 00:00:00+00:00,Wake Forest,NC State,Wake Forest,0.4910155437421737,0.5089844562578263,False,PREGAME_SNAPSHOT,,,,,,,,2026-10-10T16:00Z
CFBV1_2026_401858480,CFB_V1,2026-10-06T03:25:05.162651+00:00,401858480,2026,6,2026-10-10 00:00:00+00:00,Illinois,Michigan State,Illinois,0.3216003419143438,0.6783996580856562,False,PREGAME_SNAPSHOT,,,,,,,,2026-10-10T19:30Z
CFBV1_2026_401858481,CFB_V1,2026-10-06T03:25:05.162651+00:00,401858481,2026,6,2026-10-10 00:00:00+00:00,Indiana,Nebraska,Indiana,0.2449874916834406,0.7550125083165593,False,PREGAME_SNAPSHOT,,,,,,,,2026-10-10T16:00Z
CFBV1_2026_401858482,CFB_V1,2026-10-06T03:25:05.162651+00:00,401858482,2026,6,2026-10-10 00:00:00+00:00,Ball State,Northwestern,Northwestern,0.9694729020914704,0.9694729020914704,False,PREGAME_SNAPSHOT,,,,,,,,2026-10-10T16:30Z
CFBV1_2026_401858483,CFB_V1,2026-10-06T03:25:05.162651+00:00,401858483,2026,6,2026-10-10 00:00:00+00:00,Maryland,Ohio State,Ohio State,0.9708042128875458,0.9708042128875458,False,PREGAME_SNAPSHOT,,,,,,,,2026-10-10T20:15:00.000Z
CFBV1_2026_401858484,CFB_V1,2026-10-06T03:25:05.162651+00:00,401858484,2026,6,2026-10-10 00:00:00+00:00,UCLA,Oregon,Oregon,0.87473095879168,0.87473095879168,False,PREGAME_SNAPSHOT,,,,,,,,2026-10-10T19:30Z
CFBV1_2026_401858485,CFB_V1,2026-10-06T03:25:05.162651+00:00,401858485,2026,6,2026-10-10 00:00:00+00:00,USC,Penn State,USC,0.3637945134152284,0.6362054865847716,False,PREGAME_SNAPSHOT,,,,,,,,2026-10-10T23:30:00.000Z
CFBV1_2026_401858487,CFB_V1,2026-10-06T03:25:05.162651+00:00,401858487,2026,6,2026-10-10 00:00:00+00:00,Iowa,Washington,Iowa,0.4283559051690957,0.5716440948309043,False,SETTLED,,24.0,41.0,Iowa,1.0,0.1834887814932353,2026-10-10T04:30:46.725558+00:00,2026-10-10T01:00:00.000Z
CFBV1_2026_401860902,CFB_V1,2026-10-06T03:25:05.162651+00:00,401860902,2026,6,2026-10-10 00:00:00+00:00,San Diego State,Oregon State,Oregon State,0.5946795174544557,0.5946795174544557,False,PREGAME_SNAPSHOT,,,,,,,,2026-10-10T22:00:00.000Z
CFBV1_2026_401860922,CFB_V1,2026-10-06T03:25:05.162651+00:00,401860922,2026,6,2026-10-10 00:00:00+00:00,Washington State,Utah State,Washington State,0.3274622828627241,0.6725377171372758,False,SETTLED,,17.0,16.0,Utah State,0.0,0.4523069809722186,2026-10-10T04:59:47.548048+00:00,2026-10-10T01:00:00.000Z
CFBV1_2026_401861964,CFB_V1,2026-10-06T03:25:05.162651+00:00,401861964,2026,6,2026-10-10 00:00:00+00:00,Connecticut,Temple,Temple,0.6841125170810742,0.6841125170810742,False,PREGAME_SNAPSHOT,,,,,,,,2026-10-10T19:45:00.000Z
CFBV1_2026_401862795,CFB_V1,2026-10-06T03:25:05.162651+00:00,401862795,2026,6,2026-10-10 00:00:00+00:00,Tulane,Army,Army,0.5191330349484151,0.5191330349484151,False,PREGAME_SNAPSHOT,,,,,,,,2026-10-10T16:00Z
CFBV1_2026_401862796,CFB_V1,2026-10-06T03:25:05.162651+00:00,401862796,2026,6,2026-10-10 00:00:00+00:00,Charlotte,North Texas,North Texas,0.9574817405243816,0.9574817405243816,False,PREGAME_SNAPSHOT,,,,,,,,2026-10-10T19:30Z
CFBV1_2026_401862797,CFB_V1,2026-10-06T03:25:05.162651+00:00,401862797,2026,6,2026-10-10 00:00:00+00:00,Rice,East Carolina,East Carolina,0.7951656246320953,0.7951656246320953,False,PREGAME_SNAPSHOT,,,,,,,,2026-10-10T17:00Z
CFBV1_2026_401862798,CFB_V1,2026-10-06T03:25:05.162651+00:00,401862798,2026,6,2026-10-10 00:00:00+00:00,UAB,Memphis,Memphis,0.8484348962566242,0.8484348962566242,False,PREGAME_SNAPSHOT,,,,,,,,2026-10-10T23:00:00.000Z
CFBV1_2026_401862799,CFB_V1,2026-10-06T03:25:05.162651+00:00,401862799,2026,6,2026-10-10 00:00:00+00:00,Tulsa,Navy,Navy,0.6239247167591448,0.6239247167591448,False,PREGAME_SNAPSHOT,,,,,,,,2026-10-10T19:30Z
CFBV1_2026_401864516,CFB_V1,2026-10-06T03:25:05.162651+00:00,401864516,2026,6,2026-10-10 00:00:00+00:00,Air Force,Northern Illinois,Air Force,0.29623225219375,0.70376774780625,False,PREGAME_SNAPSHOT,,,,,,,,2026-10-10T23:30:00.000Z
CFBV1_2026_401864517,CFB_V1,2026-10-06T03:25:05.162651+00:00,401864517,2026,6,2026-10-10 00:00:00+00:00,Nevada,UTEP,Nevada,0.3213665650972906,0.6786334349027093,False,PREGAME_SNAPSHOT,,,,,,,,2026-10-10T23:00:00.000Z
CFBV1_2026_401864518,CFB_V1,2026-10-06T03:25:05.162651+00:00,401864518,2026,6,2026-10-10 00:00:00+00:00,North Dakota State,UNLV,UNLV,0.5263030326422127,0.5263030326422127,False,PREGAME_SNAPSHOT,,,,,,,,2026-10-10T23:00:00.000Z
CFBV1_2026_401864519,CFB_V1,2026-10-06T03:25:05.162651+00:00,401864519,2026,6,2026-10-10 00:00:00+00:00,Wyoming,San José State,San José State,0.7098930925416856,0.7098930925416856,False,SETTLED,,13.0,16.0,Wyoming,0.0,0.5039482028383983,2026-10-10T04:30:46.725558+00:00,2026-10-10T01:00:00.000Z
CFBV1_2026_401866435,CFB_V1,2026-10-06T03:25:05.162651+00:00,401866435,2026,6,2026-10-10 00:00:00+00:00,Eastern Michigan,Akron,Eastern Michigan,0.2531732962059641,0.7468267037940359,False,PREGAME_SNAPSHOT,,,,,,,,2026-10-10T19:30Z
CFBV1_2026_401866436,CFB_V1,2026-10-06T03:25:05.162651+00:00,401866436,2026,6,2026-10-10 00:00:00+00:00,Sacramento State,Bowling Green,Bowling Green,0.5317283502405378,0.5317283502405378,False,PREGAME_SNAPSHOT,,,,,,,,2026-10-10T16:00Z
CFBV1_2026_401866437,CFB_V1,2026-10-06T03:25:05.162651+00:00,401866437,2026,6,2026-10-10 00:00:00+00:00,Buffalo,Toledo,Toledo,0.8752236989772166,0.8752236989772166,False,PREGAME_SNAPSHOT,,,,,,,,2026-10-10T19:30Z
CFBV1_2026_401866438,CFB_V1,2026-10-06T03:25:05.162651+00:00,401866438,2026,6,2026-10-10 00:00:00+00:00,Central Michigan,Ohio,Ohio,0.686043899752734,0.686043899752734,False,PREGAME_SNAPSHOT,,,,,,,,2026-10-10T19:30:00.000Z
CFBV1_2026_401866439,CFB_V1,2026-10-06T03:25:05.162651+00:00,401866439,2026,6,2026-10-10 00:00:00+00:00,Kent State,Western Michigan,Western Michigan,0.9079536924945558,0.9079536924945558,False,PREGAME_SNAPSHOT,,,,,,,,2026-10-10T19:30:00.000Z
CFBV1_2026_401866440,CFB_V1,2026-10-06T03:25:05.162651+00:00,401866440,2026,6,2026-10-10 00:00:00+00:00,Miami (OH),UMass,UMass,0.5113522827471221,0.5113522827471221,False,PREGAME_SNAPSHOT,,,,,,,,2026-10-10T18:00Z
CFBV1_2026_401869843,CFB_V1,2026-10-06T03:25:05.162651+00:00,401869843,2026,6,2026-10-10 00:00:00+00:00,Old Dominion,App State,App State,0.75119734271778,0.75119734271778,False,PREGAME_SNAPSHOT,,,,,,,,2026-10-10T17:00Z
CFBV1_2026_401869943,CFB_V1,2026-10-06T03:25:05.162651+00:00,401869943,2026,6,2026-10-10 00:00:00+00:00,Coastal Carolina,Marshall,Marshall,0.559608571811392,0.559608571811392,False,PREGAME_SNAPSHOT,,,,,,,,2026-10-10T23:00:00.000Z
CFBV1_2026_401869949,CFB_V1,2026-10-06T03:25:05.162651+00:00,401869949,2026,6,2026-10-10 00:00:00+00:00,James Madison,Georgia Southern,James Madison,0.1829252266843693,0.8170747733156307,False,PREGAME_SNAPSHOT,,,,,,,,2026-10-10T23:30:00.000Z
CFBV1_2026_401869965,CFB_V1,2026-10-06T03:25:05.162651+00:00,401869965,2026,6,2026-10-10 00:00:00+00:00,Louisiana,Louisiana Tech,Louisiana Tech,0.5419219127355713,0.5419219127355713,False,PREGAME_SNAPSHOT,,,,,,,,2026-10-10T23:30:00.000Z
CFBV1_2026_401856808,CFB_V1,2026-10-06T03:25:05.162651+00:00,401856808,2026,6,2026-10-11 00:00:00+00:00,Hawai'i,Arizona State,Arizona State,0.7510519331038006,0.7510519331038006,False,PREGAME_SNAPSHOT,,,,,,,,2026-10-11T02:30:00.000Z
CFBV1_2026_401856827,CFB_V1,2026-10-06T03:25:05.162651+00:00,401856827,2026,6,2026-10-11 00:00:00+00:00,Kansas,Utah,Utah,0.78487127428302,0.78487127428302,False,PREGAME_SNAPSHOT,,,,,,,,2026-10-11T00:00:00.000Z
CFBV1_2026_401858486,CFB_V1,2026-10-06T03:25:05.162651+00:00,401858486,2026,6,2026-10-11 00:00:00+00:00,Minnesota,Purdue,Minnesota,0.3952467664833828,0.6047532335166171,False,PREGAME_SNAPSHOT,,,,,,,,2026-10-11T00:00:00.000Z
CFBV1_2026_401860901,CFB_V1,2026-10-06T03:25:05.162651+00:00,401860901,2026,6,2026-10-11 00:00:00+00:00,Boise State,Fresno State,Boise State,0.4039061054624094,0.5960938945375907,False,PREGAME_SNAPSHOT,,,,,,,,2026-10-11T02:30:00.000Z
CFBV1_2026_401871067,CFB_V1,2026-10-06T03:25:05.162651+00:00,401871067,2026,7,2026-10-13 00:00:00+00:00,Delaware,Middle Tennessee,Delaware,0.4337314298026786,0.5662685701973214,False,PREGAME_SNAPSHOT,,,,,,,,2026-10-13T23:00:00.000Z
CFBV1_2026_401871053,CFB_V1,2026-10-06T03:25:05.162651+00:00,401871053,2026,7,2026-10-14 00:00:00+00:00,Florida International,Jacksonville State,Jacksonville State,0.7479443267059764,0.7479443267059764,False,PREGAME_SNAPSHOT,,,,,,,,2026-10-14T00:00:00.000Z
CFBV1_2026_401871054,CFB_V1,2026-10-06T03:25:05.162651+00:00,401871054,2026,7,2026-10-14 00:00:00+00:00,Kennesaw State,Missouri State,Missouri State,0.6490468043430629,0.6490468043430629,False,PREGAME_SNAPSHOT,,,,,,,,2026-10-14T23:30:00.000Z
CFBV1_2026_401871068,CFB_V1,2026-10-07T09:10:34.093515+00:00,401871068,2026,7,2026-10-15 00:00:00+00:00,Western Kentucky,Sam Houston State,Sam Houston State,0.5203398361686373,0.5203398361686373,False,PREGAME_SNAPSHOT,0.0,,,,,,,2026-10-15T00:00:00.000Z
CFBV1_2026_401862800,CFB_V1,2026-10-08T09:10:57.770689+00:00,401862800,2026,7,2026-10-15 23:30:00+00:00,East Carolina,UAB,East Carolina,0.4919311082461957,0.5080688917538043,False,PREGAME_SNAPSHOT,0.0,,,,,,,2026-10-15T23:30:00.000Z
CFBV1_2026_401869950,CFB_V1,2026-10-08T09:10:57.770689+00:00,401869950,2026,7,2026-10-15 23:30:00+00:00,Georgia Southern,Old Dominion,Georgia Southern,0.3228518097043573,0.6771481902956427,False,PREGAME_SNAPSHOT,0.0,,,,,,,2026-10-15T23:30:00.000Z
CFBV1_2026_401860923,CFB_V1,2026-10-08T09:10:57.770689+00:00,401860923,2026,7,2026-10-16 00:00:00+00:00,Colorado State,Texas State,Texas State,0.8685516148565975,0.8685516148565975,False,PREGAME_SNAPSHOT,0.0,,,,,,,2026-10-16T00:00:00.000Z
CFBV1_2026_401862801,CFB_V1,2026-10-09T09:11:14.777344+00:00,401862801,2026,7,2026-10-16 23:30:00+00:00,Memphis,Tulane,Memphis,0.3241894039512139,0.6758105960487861,False,PREGAME_SNAPSHOT,0.0,,,,,,,2026-10-16T23:30:00.000Z
CFBV1_2026_401858493,CFB_V1,2026-10-09T09:11:14.777344+00:00,401858493,2026,7,2026-10-17 00:00:00+00:00,Washington,Purdue,Washington,0.169798391317584,0.830201608682416,False,PREGAME_SNAPSHOT,0.0,,,,,,,2026-10-17T00:00:00.000Z
CFBV1_2026_401869844,CFB_V1,2026-10-09T09:11:14.777344+00:00,401869844,2026,7,2026-10-17 00:00:00+00:00,App State,Coastal Carolina,App State,0.4963818092174203,0.5036181907825796,False,PREGAME_SNAPSHOT,0.0,,,,,,,2026-10-17T00:00:00.000Z
CFBV1_2026_401856833,CFB_V1,2026-10-09T09:11:14.777344+00:00,401856833,2026,7,2026-10-17 04:00:00+00:00,Utah,Colorado,Utah,0.0967536666632767,0.9032463333367232,False,PREGAME_SNAPSHOT,1.0,,,,,,,2026-10-17T04:00:00.000Z
CFBV1_2026_401858269,CFB_V1,2026-10-09T09:11:14.777344+00:00,401858269,2026,7,2026-10-17 04:00:00+00:00,Wake Forest,California,Wake Forest,0.2631136681902687,0.7368863318097312,False,PREGAME_SNAPSHOT,1.0,,,,,,,2026-10-17T04:00:00.000Z
CFBV1_2026_401858490,CFB_V1,2026-10-09T09:11:14.777344+00:00,401858490,2026,7,2026-10-17 04:00:00+00:00,Penn State,Michigan,Michigan,0.6662476842254959,0.6662476842254959,False,PREGAME_SNAPSHOT,1.0,,,,,,,2026-10-17T04:00:00.000Z
CFBV1_2026_401858492,CFB_V1,2026-10-09T09:11:14.777344+00:00,401858492,2026,7,2026-10-17 04:00:00+00:00,Nebraska,Oregon,Oregon,0.749444501187721,0.749444501187721,False,PREGAME_SNAPSHOT,1.0,,,,,,,2026-10-17T04:00:00.000Z
CFBV1_2026_401858494,CFB_V1,2026-10-09T09:11:14.777344+00:00,401858494,2026,7,2026-10-17 04:00:00+00:00,Wisconsin,UCLA,UCLA,0.5247026045404617,0.5247026045404617,False,PREGAME_SNAPSHOT,1.0,,,,,,,2026-10-17T04:00:00.000Z
CFBV1_2026_401856720,CFB_V1,2026-10-10T09:07:42.153688+00:00,401856720,2026,7,2026-10-17 16:00:00+00:00,Mississippi State,LSU,LSU,0.885323069219184,0.885323069219184,False,PREGAME_SNAPSHOT,0.0,,,,,,,2026-10-17T16:00:00.000Z
CFBV1_2026_401856724,CFB_V1,2026-10-10T09:07:42.153688+00:00,401856724,2026,7,2026-10-17 16:00:00+00:00,Florida,Texas,Texas,0.6972206032507224,0.6972206032507224,False,PREGAME_SNAPSHOT,0.0,,,,,,,2026-10-17T16:00:00.000Z
CFBV1_2026_401856829,CFB_V1,2026-10-10T09:07:42.153688+00:00,401856829,2026,7,2026-10-17 16:00:00+00:00,Cincinnati,West Virginia,Cincinnati,0.4774832236367542,0.5225167763632458,False,PREGAME_SNAPSHOT,0.0,,,,,,,2026-10-17T16:00:00.000Z
CFBV1_2026_401856830,CFB_V1,2026-10-10T09:07:42.153688+00:00,401856830,2026,7,2026-10-17 16:00:00+00:00,Kansas,Kansas State,Kansas State,0.5906094073989483,0.5906094073989483,False,PREGAME_SNAPSHOT,0.0,,,,,,,2026-10-17T16:00:00.000Z
CFBV1_2026_401858267,CFB_V1,2026-10-10T09:07:42.153688+00:00,401858267,2026,7,2026-10-17 16:00:00+00:00,Pittsburgh,Boston College,Pittsburgh,0.2098545029755198,0.7901454970244801,False,PREGAME_SNAPSHOT,0.0,,,,,,,2026-10-17T16:00:00.000Z
CFBV1_2026_401858268,CFB_V1,2026-10-10T09:07:42.153688+00:00,401858268,2026,7,2026-10-17 16:00:00+00:00,Virginia,SMU,SMU,0.7029382418912664,0.7029382418912664,False,PREGAME_SNAPSHOT,0.0,,,,,,,2026-10-17T16:00:00.000Z
CFBV1_2026_401858488,CFB_V1,2026-10-10T09:07:42.153688+00:00,401858488,2026,7,2026-10-17 16:00:00+00:00,Ohio State,Indiana,Indiana,0.5815227319706534,0.5815227319706534,False,PREGAME_SNAPSHOT,0.0,,,,,,,2026-10-17T16:00:00.000Z
CFBV1_2026_401858491,CFB_V1,2026-10-10T09:07:42.153688+00:00,401858491,2026,7,2026-10-17 16:00:00+00:00,Northwestern,Michigan State,Northwestern,0.1950635277683572,0.8049364722316428,False,PREGAME_SNAPSHOT,0.0,,,,,,,2026-10-17T16:00:00.000Z
CFBV1_2026_401862802,CFB_V1,2026-10-10T09:07:42.153688+00:00,401862802,2026,7,2026-10-17 16:00:00+00:00,Florida Atlantic,Army,Army,0.6574651099593771,0.6574651099593771,False,PREGAME_SNAPSHOT,0.0,,,,,,,2026-10-17T16:00:00.000Z
CFBV1_2026_401866441,CFB_V1,2026-10-10T09:07:42.153688+00:00,401866441,2026,7,2026-10-17 16:00:00+00:00,Ball State,Bowling Green,Bowling Green,0.633379979923794,0.633379979923794,False,PREGAME_SNAPSHOT,0.0,,,,,,,2026-10-17T16:00:00.000Z
CFBV1_2026_401869957,CFB_V1,2026-10-10T09:07:42.153688+00:00,401869957,2026,7,2026-10-17 16:00:00+00:00,Georgia State,James Madison,James Madison,0.8868137880675779,0.8868137880675779,False,PREGAME_SNAPSHOT,0.0,,,,,,,2026-10-17T16:00:00.000Z
CFBV1_2026_401858489,CFB_V1,2026-10-10T09:07:42.153688+00:00,401858489,2026,7,2026-10-17 16:30:00+00:00,Rutgers,Maryland,Maryland,0.6807164603332206,0.6807164603332206,False,PREGAME_SNAPSHOT,0.0,,,,,,,2026-10-17T16:30:00.000Z
CFBV1_2026_401862803,CFB_V1,2026-10-10T09:07:42.153688+00:00,401862803,2026,7,2026-10-17 17:00:00+00:00,Charlotte,Temple,Temple,0.8454908465194709,0.8454908465194709,False,PREGAME_SNAPSHOT,0.0,,,,,,,2026-10-17T17:00:00.000Z
CFBV1_2026_401866442,CFB_V1,2026-10-10T09:07:42.153688+00:00,401866442,2026,7,2026-10-17 17:00:00+00:00,UMass,Buffalo,Buffalo,0.6846276464889232,0.6846276464889232,False,PREGAME_SNAPSHOT,0.0,,,,,,,2026-10-17T17:00:00.000Z
CFBV1_2026_401866443,CFB_V1,2026-10-10T09:07:42.153688+00:00,401866443,2026,7,2026-10-17 17:30:00+00:00,Western Michigan,Central Michigan,Western Michigan,0.4608751595963547,0.5391248404036453,False,PREGAME_SNAPSHOT,0.0,,,,,,,2026-10-17T17:30:00.000Z
CFBV1_2026_401856719,CFB_V1,2026-10-10T09:07:42.153688+00:00,401856719,2026,7,2026-10-17 19:30:00+00:00,Auburn,Georgia,Georgia,0.9349819588722827,0.9349819588722827,False,PREGAME_SNAPSHOT,0.0,,,,,,,2026-10-17T19:30:00.000Z
CFBV1_2026_401856721,CFB_V1,2026-10-10T09:07:42.153688+00:00,401856721,2026,7,2026-10-17 19:30:00+00:00,Missouri,Ole Miss,Ole Miss,0.6337323266195439,0.6337323266195439,False,PREGAME_SNAPSHOT,0.0,,,,,,,2026-10-17T19:30:00.000Z
CFBV1_2026_401856723,CFB_V1,2026-10-10T09:07:42.153688+00:00,401856723,2026,7,2026-10-17 19:30:00+00:00,Alabama,Tennessee,Alabama,0.36372940973203,0.63627059026797,False,PREGAME_SNAPSHOT,0.0,,,,,,,2026-10-17T19:30:00.000Z
CFBV1_2026_401856828,CFB_V1,2026-10-10T09:07:42.153688+00:00,401856828,2026,7,2026-10-17 19:30:00+00:00,Arizona State,Texas Tech,Texas Tech,0.9236659945628498,0.9236659945628498,False,PREGAME_SNAPSHOT,0.0,,,,,,,2026-10-17T19:30:00.000Z
CFBV1_2026_401858264,CFB_V1,2026-10-10T09:07:42.153688+00:00,401858264,2026,7,2026-10-17 19:30:00+00:00,Georgia Tech,Virginia Tech,Virginia Tech,0.7138351339719357,0.7138351339719357,False,PREGAME_SNAPSHOT,0.0,,,,,,,2026-10-17T19:30:00.000Z
CFBV1_2026_401858266,CFB_V1,2026-10-10T09:07:42.153688+00:00,401858266,2026,7,2026-10-17 19:30:00+00:00,North Carolina,Duke,Duke,0.6262800268336292,0.6262800268336292,False,PREGAME_SNAPSHOT,0.0,,,,,,,2026-10-17T19:30:00.000Z
CFBV1_2026_401864522,CFB_V1,2026-10-10T09:07:42.153688+00:00,401864522,2026,7,2026-10-17 19:30:00+00:00,Northern Illinois,Wyoming,Wyoming,0.738599147505854,0.738599147505854,False,PREGAME_SNAPSHOT,0.0,,,,,,,2026-10-17T19:30:00.000Z
CFBV1_2026_401864524,CFB_V1,2026-10-10T09:07:42.153688+00:00,401864524,2026,7,2026-10-17 19:30:00+00:00,UNLV,Air Force,Air Force,0.510117527402582,0.510117527402582,False,PREGAME_SNAPSHOT,0.0,,,,,,,2026-10-17T19:30:00.000Z
CFBV1_2026_401866444,CFB_V1,2026-10-10T09:07:42.153688+00:00,401866444,2026,7,2026-10-17 19:30:00+00:00,Toledo,Eastern Michigan,Toledo,0.2435294281087432,0.7564705718912568,False,PREGAME_SNAPSHOT,0.0,,,,,,,2026-10-17T19:30:00.000Z
CFBV1_2026_401866478,CFB_V1,2026-10-10T09:07:42.153688+00:00,401866478,2026,7,2026-10-17 19:30:00+00:00,Akron,Miami (OH),Miami (OH),0.8338600104412128,0.8338600104412128,False,PREGAME_SNAPSHOT,0.0,,,,,,,2026-10-17T19:30:00.000Z
CFBV1_2026_401862805,CFB_V1,2026-10-10T09:07:42.153688+00:00,401862805,2026,7,2026-10-17 20:30:00+00:00,Tulsa,Rice,Rice,0.5858634336724113,0.5858634336724113,False,PREGAME_SNAPSHOT,0.0,,,,,,,2026-10-17T20:30:00.000Z
CFBV1_2026_401869966,CFB_V1,2026-10-10T09:07:42.153688+00:00,401869966,2026,7,2026-10-17 21:00:00+00:00,Troy,Louisiana,Louisiana,0.6087392693722491,0.6087392693722491,False,PREGAME_SNAPSHOT,0.0,,,,,,,2026-10-17T21:00:00.000Z
CFBV1_2026_401860903,CFB_V1,2026-10-10T09:07:42.153688+00:00,401860903,2026,7,2026-10-17 22:00:00+00:00,Washington State,Oregon State,Oregon State,0.5325322473693168,0.5325322473693168,False,PREGAME_SNAPSHOT,0.0,,,,,,,2026-10-17T22:00:00.000Z
CFBV1_2026_401856726,CFB_V1,2026-10-10T09:07:42.153688+00:00,401856726,2026,7,2026-10-17 23:00:00+00:00,Arkansas,Vanderbilt,Vanderbilt,0.8327121681797653,0.8327121681797653,False,PREGAME_SNAPSHOT,0.0,,,,,,,2026-10-17T23:00:00.000Z
CFBV1_2026_401856832,CFB_V1,2026-10-10T09:07:42.153688+00:00,401856832,2026,7,2026-10-17 23:00:00+00:00,TCU,Baylor,Baylor,0.6192465315707274,0.6192465315707274,False,PREGAME_SNAPSHOT,0.0,,,,,,,2026-10-17T23:00:00.000Z
CFBV1_2026_401858263,CFB_V1,2026-10-10T09:07:42.153688+00:00,401858263,2026,7,2026-10-17 23:00:00+00:00,Florida State,Miami,Miami,0.8857845770449932,0.8857845770449932,False,PREGAME_SNAPSHOT,0.0,,,,,,,2026-10-17T23:00:00.000Z
CFBV1_2026_401862806,CFB_V1,2026-10-10T09:07:42.153688+00:00,401862806,2026,7,2026-10-17 23:00:00+00:00,Kent State,South Florida,South Florida,0.9792677575185396,0.9792677575185396,False,PREGAME_SNAPSHOT,0.0,,,,,,,2026-10-17T23:00:00.000Z
CFBV1_2026_401864520,CFB_V1,2026-10-10T09:07:42.153688+00:00,401864520,2026,7,2026-10-17 23:00:00+00:00,Nevada,North Dakota State,North Dakota State,0.8592562305787482,0.8592562305787482,False,PREGAME_SNAPSHOT,0.0,,,,,,,2026-10-17T23:00:00.000Z
CFBV1_2026_401869934,CFB_V1,2026-10-10T09:07:42.153688+00:00,401869934,2026,7,2026-10-17 23:00:00+00:00,Arkansas State,Southern Mississippi,Southern Mississippi,0.5304052663899226,0.5304052663899226,False,PREGAME_SNAPSHOT,0.0,,,,,,,2026-10-17T23:00:00.000Z
CFBV1_2026_401856722,CFB_V1,2026-10-10T09:07:42.153688+00:00,401856722,2026,7,2026-10-17 23:30:00+00:00,Kentucky,Oklahoma,Oklahoma,0.8137451215196831,0.8137451215196831,False,PREGAME_SNAPSHOT,0.0,,,,,,,2026-10-17T23:30:00.000Z
CFBV1_2026_401856809,CFB_V1,2026-10-10T09:07:42.153688+00:00,401856809,2026,7,2026-10-17 23:30:00+00:00,Notre Dame,BYU,Notre Dame,0.2086504961168008,0.7913495038831992,False,PREGAME_SNAPSHOT,0.0,,,,,,,2026-10-17T23:30:00.000Z
CFBV1_2026_401856831,CFB_V1,2026-10-10T09:07:42.153688+00:00,401856831,2026,7,2026-10-17 23:30:00+00:00,Oklahoma State,Houston,Houston,0.854652243843516,0.854652243843516,False,PREGAME_SNAPSHOT,0.0,,,,,,,2026-10-17T23:30:00.000Z
CFBV1_2026_401858265,CFB_V1,2026-10-10T09:07:42.153688+00:00,401858265,2026,7,2026-10-17 23:30:00+00:00,Louisville,Syracuse,Louisville,0.2184932942718382,0.7815067057281618,False,PREGAME_SNAPSHOT,0.0,,,,,,,2026-10-17T23:30:00.000Z
CFBV1_2026_401862804,CFB_V1,2026-10-10T09:07:42.153688+00:00,401862804,2026,7,2026-10-18 00:00:00+00:00,Navy,UT San Antonio,UT San Antonio,0.7976449836846672,0.7976449836846672,False,PREGAME_SNAPSHOT,0.0,,,,,,,2026-10-18T00:00:00.000Z
CFBV1_2026_401871091,CFB_V1,2026-10-10T09:07:42.153688+00:00,401871091,2026,7,2026-10-18 00:00:00+00:00,Louisiana Tech,Louisiana Monroe,Louisiana Tech,0.2008999992593221,0.7991000007406779,False,PREGAME_SNAPSHOT,0.0,,,,,,,2026-10-18T00:00:00.000Z
CFBV1_2026_401864523,CFB_V1,2026-10-10T09:07:42.153688+00:00,401864523,2026,7,2026-10-18 01:00:00+00:00,San José State,UTEP,San José State,0.243188565283841,0.756811434716159,False,PREGAME_SNAPSHOT,0.0,,,,,,,2026-10-18T01:00:00.000Z
CFBV1_2026_401866445,CFB_V1,2026-10-10T09:07:42.153688+00:00,401866445,2026,7,2026-10-18 02:00:00+00:00,Ohio,Sacramento State,Ohio,0.4956870803168132,0.5043129196831868,False,PREGAME_SNAPSHOT,0.0,,,,,,,2026-10-18T02:00:00.000Z
CFBV1_2026_401860904,CFB_V1,2026-10-10T09:07:42.153688+00:00,401860904,2026,7,2026-10-18 02:30:00+00:00,Fresno State,San Diego State,Fresno State,0.3398636384562269,0.6601363615437731,False,PREGAME_SNAPSHOT,0.0,,,,,,,2026-10-18T02:30:00.000Z
CFBV1_2026_401864521,CFB_V1,2026-10-10T09:07:42.153688+00:00,401864521,2026,7,2026-10-18 02:30:00+00:00,New Mexico,Hawai'i,New Mexico,0.2783945888356987,0.7216054111643013,False,PREGAME_SNAPSHOT,0.0,,,,,,,2026-10-18T02:30:00.000Z
