prediction_id,model_version,snapshot_created_utc,game_id,season,week,kickoff_utc,away_team,home_team,predicted_winner,home_win_prob,confidence,v1_home_win_prob,margin_home_win_prob,market_used_for_pick,status
CFBV2B_2026_401856716,CFB_V2_CANDIDATE_B,2026-10-10T09:07:43.736836+00:00,401856716,2026,6,2026-10-10 16:00:00+00:00,Texas A&M,Missouri,Missouri,0.519439372542591,0.519439372542591,0.5206557792751144,0.5171803314679047,False,PREGAME_SHADOW
CFBV2B_2026_401856823,CFB_V2_CANDIDATE_B,2026-10-10T09:07:43.736836+00:00,401856823,2026,6,2026-10-10 16:00:00+00:00,Arizona,West Virginia,Arizona,0.21683037082137824,0.7831696291786218,0.20546118394507193,0.23794457502023275,False,PREGAME_SHADOW
CFBV2B_2026_401856824,CFB_V2_CANDIDATE_B,2026-10-10T09:07:43.736836+00:00,401856824,2026,6,2026-10-10 16:00:00+00:00,UCF,Oklahoma State,UCF,0.41874303601345286,0.5812569639865471,0.41478666290408567,0.42609058607370626,False,PREGAME_SHADOW
CFBV2B_2026_401858256,CFB_V2_CANDIDATE_B,2026-10-10T09:07:43.736836+00:00,401858256,2026,6,2026-10-10 16:00:00+00:00,North Carolina,Pittsburgh,Pittsburgh,0.6912572576754629,0.6912572576754629,0.7045651533016273,0.666542594369729,False,PREGAME_SHADOW
CFBV2B_2026_401858260,CFB_V2_CANDIDATE_B,2026-10-10T09:07:43.736836+00:00,401858260,2026,6,2026-10-10 16:00:00+00:00,Wake Forest,NC State,Wake Forest,0.4804438686020228,0.5195561313979772,0.4897898038234506,0.46308713176222843,False,PREGAME_SHADOW
CFBV2B_2026_401858481,CFB_V2_CANDIDATE_B,2026-10-10T09:07:43.736836+00:00,401858481,2026,6,2026-10-10 16:00:00+00:00,Indiana,Nebraska,Indiana,0.2467596661642087,0.7532403338357914,0.23601856996105763,0.26670741625577493,False,PREGAME_SHADOW
CFBV2B_2026_401862795,CFB_V2_CANDIDATE_B,2026-10-10T09:07:43.736836+00:00,401862795,2026,6,2026-10-10 16:00:00+00:00,Tulane,Army,Tulane,0.4891037826600907,0.5108962173399093,0.5010467049394934,0.4669240698554855,False,PREGAME_SHADOW
CFBV2B_2026_401866436,CFB_V2_CANDIDATE_B,2026-10-10T09:07:43.736836+00:00,401866436,2026,6,2026-10-10 16:00:00+00:00,Sacramento State,Bowling Green,Bowling Green,0.5401783453978403,0.5401783453978403,0.5329160789490175,0.5536654116599398,False,PREGAME_SHADOW
CFBV2B_2026_401858482,CFB_V2_CANDIDATE_B,2026-10-10T09:07:43.736836+00:00,401858482,2026,6,2026-10-10 16:30:00+00:00,Ball State,Northwestern,Northwestern,0.9718396848799338,0.9718396848799338,0.9694729020914703,0.9762351386299375,False,PREGAME_SHADOW
CFBV2B_2026_401856714,CFB_V2_CANDIDATE_B,2026-10-10T09:07:43.736836+00:00,401856714,2026,6,2026-10-10 16:45:00+00:00,South Carolina,Florida,Florida,0.7300713371765468,0.7300713371765468,0.7475792645535793,0.6975566149049153,False,PREGAME_SHADOW
CFBV2B_2026_401869843,CFB_V2_CANDIDATE_B,2026-10-10T09:07:43.736836+00:00,401869843,2026,6,2026-10-10 17:00:00+00:00,Old Dominion,App State,App State,0.7484574345678673,0.7484574345678673,0.75119734271778,0.7433690337180292,False,PREGAME_SHADOW
CFBV2B_2026_401866440,CFB_V2_CANDIDATE_B,2026-10-10T09:07:43.736836+00:00,401866440,2026,6,2026-10-10 18:00:00+00:00,Miami (OH),UMass,UMass,0.5073030252079621,0.5073030252079621,0.5113910598732474,0.49971096082957517,False,PREGAME_SHADOW
CFBV2B_2026_401856717,CFB_V2_CANDIDATE_B,2026-10-10T09:07:43.736836+00:00,401856717,2026,6,2026-10-10 19:30:00+00:00,Texas,Oklahoma,Texas,0.3217451461493912,0.6782548538506088,0.3084855905881696,0.3463700350488028,False,PREGAME_SHADOW
CFBV2B_2026_401856718,CFB_V2_CANDIDATE_B,2026-10-10T09:07:43.736836+00:00,401856718,2026,6,2026-10-10 19:30:00+00:00,Ole Miss,Vanderbilt,Ole Miss,0.48682121354277785,0.5131787864572221,0.49825208211970484,0.46559245761419915,False,PREGAME_SHADOW
CFBV2B_2026_401856825,CFB_V2_CANDIDATE_B,2026-10-10T09:07:43.736836+00:00,401856825,2026,6,2026-10-10 19:30:00+00:00,Houston,Kansas State,Kansas State,0.6201034307497729,0.6201034307497729,0.6279375787222276,0.6055542988009285,False,PREGAME_SHADOW
CFBV2B_2026_401858255,CFB_V2_CANDIDATE_B,2026-10-10T09:07:43.736836+00:00,401858255,2026,6,2026-10-10 19:30:00+00:00,Duke,Georgia Tech,Duke,0.3855187923672234,0.6144812076327766,0.3885053829157,0.37997226706290976,False,PREGAME_SHADOW
CFBV2B_2026_401858257,CFB_V2_CANDIDATE_B,2026-10-10T09:07:43.736836+00:00,401858257,2026,6,2026-10-10 19:30:00+00:00,Stanford,Notre Dame,Notre Dame,0.9947369861939543,0.9947369861939543,0.9935617712078436,0.9969195283110173,False,PREGAME_SHADOW
CFBV2B_2026_401858259,CFB_V2_CANDIDATE_B,2026-10-10T09:07:43.736836+00:00,401858259,2026,6,2026-10-10 19:30:00+00:00,Virginia Tech,California,Virginia Tech,0.3332306206393544,0.6667693793606456,0.33022156744621683,0.3388188622837527,False,PREGAME_SHADOW
CFBV2B_2026_401858480,CFB_V2_CANDIDATE_B,2026-10-10T09:07:43.736836+00:00,401858480,2026,6,2026-10-10 19:30:00+00:00,Illinois,Michigan State,Illinois,0.34384316538333404,0.656156834616666,0.3369598034519478,0.356626551827337,False,PREGAME_SHADOW
CFBV2B_2026_401858484,CFB_V2_CANDIDATE_B,2026-10-10T09:07:43.736836+00:00,401858484,2026,6,2026-10-10 19:30:00+00:00,UCLA,Oregon,Oregon,0.8573208422189285,0.8573208422189285,0.87473095879168,0.8249877685838185,False,PREGAME_SHADOW
CFBV2B_2026_401862796,CFB_V2_CANDIDATE_B,2026-10-10T09:07:43.736836+00:00,401862796,2026,6,2026-10-10 19:30:00+00:00,Charlotte,North Texas,North Texas,0.9545813359002442,0.9545813359002442,0.9574817405243815,0.9491948701697037,False,PREGAME_SHADOW
CFBV2B_2026_401862799,CFB_V2_CANDIDATE_B,2026-10-10T09:07:43.736836+00:00,401862799,2026,6,2026-10-10 19:30:00+00:00,Tulsa,Navy,Navy,0.6152076853606034,0.6152076853606034,0.6239247167591448,0.5990189127633124,False,PREGAME_SHADOW
CFBV2B_2026_401866435,CFB_V2_CANDIDATE_B,2026-10-10T09:07:43.736836+00:00,401866435,2026,6,2026-10-10 19:30:00+00:00,Eastern Michigan,Akron,Eastern Michigan,0.2526907720342877,0.7473092279657123,0.2530173343561555,0.252084299150819,False,PREGAME_SHADOW
CFBV2B_2026_401866437,CFB_V2_CANDIDATE_B,2026-10-10T09:07:43.736836+00:00,401866437,2026,6,2026-10-10 19:30:00+00:00,Buffalo,Toledo,Toledo,0.8629026073851864,0.8629026073851864,0.8752236989772166,0.8400205801428449,False,PREGAME_SHADOW
CFBV2B_2026_401866438,CFB_V2_CANDIDATE_B,2026-10-10T09:07:43.736836+00:00,401866438,2026,6,2026-10-10 19:30:00+00:00,Central Michigan,Ohio,Ohio,0.6711999923735703,0.6711999923735703,0.6875932634494356,0.6407553460898207,False,PREGAME_SHADOW
CFBV2B_2026_401866439,CFB_V2_CANDIDATE_B,2026-10-10T09:07:43.736836+00:00,401866439,2026,6,2026-10-10 19:30:00+00:00,Kent State,Western Michigan,Western Michigan,0.9030485792074401,0.9030485792074401,0.9071497692722712,0.8954320833727535,False,PREGAME_SHADOW
CFBV2B_2026_401861964,CFB_V2_CANDIDATE_B,2026-10-10T09:07:43.736836+00:00,401861964,2026,6,2026-10-10 19:45:00+00:00,Connecticut,Temple,Temple,0.6713623448200106,0.6713623448200106,0.6802592495744547,0.6548395217046142,False,PREGAME_SHADOW
CFBV2B_2026_401862797,CFB_V2_CANDIDATE_B,2026-10-10T09:07:43.736836+00:00,401862797,2026,6,2026-10-10 20:00:00+00:00,Rice,East Carolina,East Carolina,0.7914111446783345,0.7914111446783345,0.8053583716186895,0.7655091517891038,False,PREGAME_SHADOW
CFBV2B_2026_401856713,CFB_V2_CANDIDATE_B,2026-10-10T09:07:43.736836+00:00,401856713,2026,6,2026-10-10 20:15:00+00:00,Tennessee,Arkansas,Tennessee,0.1897162715077041,0.8102837284922959,0.18964434795666427,0.189849843816778,False,PREGAME_SHADOW
CFBV2B_2026_401858483,CFB_V2_CANDIDATE_B,2026-10-10T09:07:43.736836+00:00,401858483,2026,6,2026-10-10 20:15:00+00:00,Maryland,Ohio State,Ohio State,0.9764518112565095,0.9764518112565095,0.9754195055967738,0.9783689503388758,False,PREGAME_SHADOW
CFBV2B_2026_401860902,CFB_V2_CANDIDATE_B,2026-10-10T09:07:43.736836+00:00,401860902,2026,6,2026-10-10 22:00:00+00:00,San Diego State,Oregon State,Oregon State,0.6280106417518292,0.6280106417518292,0.6330173957212026,0.6187123843801355,False,PREGAME_SHADOW
CFBV2B_2026_401856715,CFB_V2_CANDIDATE_B,2026-10-10T09:07:43.736836+00:00,401856715,2026,6,2026-10-10 23:00:00+00:00,LSU,Kentucky,LSU,0.1663067462171959,0.8336932537828041,0.16002115401010522,0.17797998888750716,False,PREGAME_SHADOW
CFBV2B_2026_401862798,CFB_V2_CANDIDATE_B,2026-10-10T09:07:43.736836+00:00,401862798,2026,6,2026-10-10 23:00:00+00:00,UAB,Memphis,Memphis,0.8356742875226593,0.8356742875226593,0.8484348962566242,0.8119760141595815,False,PREGAME_SHADOW
CFBV2B_2026_401864517,CFB_V2_CANDIDATE_B,2026-10-10T09:07:43.736836+00:00,401864517,2026,6,2026-10-10 23:00:00+00:00,Nevada,UTEP,Nevada,0.31197082741818105,0.688029172581819,0.3212549886722649,0.2947288136605969,False,PREGAME_SHADOW
CFBV2B_2026_401864518,CFB_V2_CANDIDATE_B,2026-10-10T09:07:43.736836+00:00,401864518,2026,6,2026-10-10 23:00:00+00:00,North Dakota State,UNLV,UNLV,0.5297364391238369,0.5297364391238369,0.519350413713317,0.5490247720290882,False,PREGAME_SHADOW
CFBV2B_2026_401869943,CFB_V2_CANDIDATE_B,2026-10-10T09:07:43.736836+00:00,401869943,2026,6,2026-10-10 23:00:00+00:00,Coastal Carolina,Marshall,Marshall,0.5567413563818777,0.5567413563818777,0.5594522832346553,0.5517067779410051,False,PREGAME_SHADOW
CFBV2B_2026_401856712,CFB_V2_CANDIDATE_B,2026-10-10T09:07:43.736836+00:00,401856712,2026,6,2026-10-10 23:30:00+00:00,Georgia,Alabama,Georgia,0.4183319390408735,0.5816680609591265,0.41558921166096485,0.423425575603561,False,PREGAME_SHADOW
CFBV2B_2026_401858258,CFB_V2_CANDIDATE_B,2026-10-10T09:07:43.736836+00:00,401858258,2026,6,2026-10-10 23:30:00+00:00,Syracuse,Virginia,Virginia,0.7906441858948539,0.7906441858948539,0.8011893961124076,0.771060224062254,False,PREGAME_SHADOW
CFBV2B_2026_401858485,CFB_V2_CANDIDATE_B,2026-10-10T09:07:43.736836+00:00,401858485,2026,6,2026-10-10 23:30:00+00:00,USC,Penn State,USC,0.398682820107927,0.601317179892073,0.3854221573484431,0.42330976523268266,False,PREGAME_SHADOW
CFBV2B_2026_401864516,CFB_V2_CANDIDATE_B,2026-10-10T09:07:43.736836+00:00,401864516,2026,6,2026-10-10 23:30:00+00:00,Air Force,Northern Illinois,Air Force,0.31096243011612923,0.6890375698838708,0.29623225219375005,0.33831847482911914,False,PREGAME_SHADOW
CFBV2B_2026_401869949,CFB_V2_CANDIDATE_B,2026-10-10T09:07:43.736836+00:00,401869949,2026,6,2026-10-10 23:30:00+00:00,James Madison,Georgia Southern,James Madison,0.18872927160877567,0.8112707283912244,0.18476645913430895,0.19608878048992812,False,PREGAME_SHADOW
CFBV2B_2026_401869965,CFB_V2_CANDIDATE_B,2026-10-10T09:07:43.736836+00:00,401869965,2026,6,2026-10-10 23:30:00+00:00,Louisiana,Louisiana Tech,Louisiana Tech,0.5298610137449482,0.5298610137449482,0.5437905935470658,0.5039917941124441,False,PREGAME_SHADOW
CFBV2B_2026_401858486,CFB_V2_CANDIDATE_B,2026-10-10T09:07:43.736836+00:00,401858486,2026,6,2026-10-11 00:00:00+00:00,Minnesota,Purdue,Minnesota,0.41055589120279506,0.5894441087972049,0.411370467535662,0.40904310658461357,False,PREGAME_SHADOW
CFBV2B_2026_401856808,CFB_V2_CANDIDATE_B,2026-10-10T09:07:43.736836+00:00,401856808,2026,6,2026-10-11 01:30:00+00:00,Hawai'i,Arizona State,Arizona State,0.7332475136911445,0.7332475136911445,0.7361392093370511,0.727877221777318,False,PREGAME_SHADOW
CFBV2B_2026_401856827,CFB_V2_CANDIDATE_B,2026-10-10T09:07:43.736836+00:00,401856827,2026,6,2026-10-11 02:15:00+00:00,Kansas,Utah,Utah,0.7668842047014695,0.7668842047014695,0.78487127428302,0.7334796469071613,False,PREGAME_SHADOW
CFBV2B_2026_401860901,CFB_V2_CANDIDATE_B,2026-10-10T09:07:43.736836+00:00,401860901,2026,6,2026-10-11 02:30:00+00:00,Boise State,Fresno State,Boise State,0.4143385002714748,0.5856614997285252,0.41229439511605304,0.4181346955601152,False,PREGAME_SHADOW
CFBV2B_2026_401871067,CFB_V2_CANDIDATE_B,2026-10-10T09:07:43.736836+00:00,401871067,2026,7,2026-10-13 23:00:00+00:00,Delaware,Middle Tennessee,Delaware,0.43632152637450483,0.5636784736254952,0.43295202004063227,0.44257918099455396,False,PREGAME_SHADOW
CFBV2B_2026_401871053,CFB_V2_CANDIDATE_B,2026-10-10T09:07:43.736836+00:00,401871053,2026,7,2026-10-14 00:00:00+00:00,Florida International,Jacksonville State,Jacksonville State,0.7042429162806881,0.7042429162806881,0.724446110003067,0.6667226993676989,False,PREGAME_SHADOW
CFBV2B_2026_401871054,CFB_V2_CANDIDATE_B,2026-10-10T09:07:43.736836+00:00,401871054,2026,7,2026-10-14 23:30:00+00:00,Kennesaw State,Missouri State,Missouri State,0.6387217399749553,0.6387217399749553,0.6468114095612596,0.6236980678861044,False,PREGAME_SHADOW
CFBV2B_2026_401871068,CFB_V2_CANDIDATE_B,2026-10-10T09:07:43.736836+00:00,401871068,2026,7,2026-10-15 00:00:00+00:00,Western Kentucky,Sam Houston State,Sam Houston State,0.5199398081410009,0.5199398081410009,0.5193448056789031,0.5210448127134681,False,PREGAME_SHADOW
CFBV2B_2026_401862800,CFB_V2_CANDIDATE_B,2026-10-10T09:07:43.736836+00:00,401862800,2026,7,2026-10-15 23:30:00+00:00,East Carolina,UAB,East Carolina,0.4844219236966582,0.5155780763033417,0.4919311082462625,0.47047629524739304,False,PREGAME_SHADOW
CFBV2B_2026_401869950,CFB_V2_CANDIDATE_B,2026-10-10T09:07:43.736836+00:00,401869950,2026,7,2026-10-15 23:30:00+00:00,Georgia Southern,Old Dominion,Georgia Southern,0.32525186442266196,0.674748135577338,0.32285180970408894,0.32970910890001176,False,PREGAME_SHADOW
CFBV2B_2026_401860923,CFB_V2_CANDIDATE_B,2026-10-10T09:07:43.736836+00:00,401860923,2026,7,2026-10-16 00:00:00+00:00,Colorado State,Texas State,Texas State,0.8559655318168436,0.8559655318168436,0.8685516148568756,0.8325913775996414,False,PREGAME_SHADOW
CFBV2B_2026_401862801,CFB_V2_CANDIDATE_B,2026-10-10T09:07:43.736836+00:00,401862801,2026,7,2026-10-16 23:30:00+00:00,Memphis,Tulane,Memphis,0.343342044047416,0.656657955952584,0.3241894039510408,0.378911232797827,False,PREGAME_SHADOW
CFBV2B_2026_401858493,CFB_V2_CANDIDATE_B,2026-10-10T09:07:43.736836+00:00,401858493,2026,7,2026-10-17 00:00:00+00:00,Washington,Purdue,Washington,0.17281011943962846,0.8271898805603716,0.1697983913176424,0.17840332880903115,False,PREGAME_SHADOW
CFBV2B_2026_401869844,CFB_V2_CANDIDATE_B,2026-10-10T09:07:43.736836+00:00,401869844,2026,7,2026-10-17 00:00:00+00:00,App State,Coastal Carolina,App State,0.49231017664259114,0.5076898233574089,0.4963818092174578,0.48474857328926746,False,PREGAME_SHADOW
CFBV2B_2026_401856833,CFB_V2_CANDIDATE_B,2026-10-10T09:07:43.736836+00:00,401856833,2026,7,2026-10-17 04:00:00+00:00,Utah,Colorado,Utah,0.10063415323058378,0.8993658467694162,0.09675366666326614,0.10784077114131652,False,PREGAME_SHADOW
CFBV2B_2026_401858269,CFB_V2_CANDIDATE_B,2026-10-10T09:07:43.736836+00:00,401858269,2026,7,2026-10-17 04:00:00+00:00,Wake Forest,California,Wake Forest,0.2715861835098485,0.7284138164901515,0.26311366818995324,0.28732085481822534,False,PREGAME_SHADOW
CFBV2B_2026_401858490,CFB_V2_CANDIDATE_B,2026-10-10T09:07:43.736836+00:00,401858490,2026,7,2026-10-17 04:00:00+00:00,Penn State,Michigan,Michigan,0.6495233478850879,0.6495233478850879,0.6662476842253906,0.6184638661102403,False,PREGAME_SHADOW
CFBV2B_2026_401858492,CFB_V2_CANDIDATE_B,2026-10-10T09:07:43.736836+00:00,401858492,2026,7,2026-10-17 04:00:00+00:00,Nebraska,Oregon,Oregon,0.7353386262260252,0.7353386262260252,0.7494445011879437,0.709142001296748,False,PREGAME_SHADOW
CFBV2B_2026_401858494,CFB_V2_CANDIDATE_B,2026-10-10T09:07:43.736836+00:00,401858494,2026,7,2026-10-17 04:00:00+00:00,Wisconsin,UCLA,UCLA,0.5255856121653482,0.5255856121653482,0.5247026045406384,0.5272254834683805,False,PREGAME_SHADOW
CFBV2B_2026_401856720,CFB_V2_CANDIDATE_B,2026-10-10T09:07:43.736836+00:00,401856720,2026,7,2026-10-17 16:00:00+00:00,Mississippi State,LSU,LSU,0.8801181862130438,0.8801181862130438,0.885323069219066,0.8704519749161452,False,PREGAME_SHADOW
CFBV2B_2026_401856724,CFB_V2_CANDIDATE_B,2026-10-10T09:07:43.736836+00:00,401856724,2026,7,2026-10-17 16:00:00+00:00,Florida,Texas,Texas,0.692856274043038,0.692856274043038,0.6972206032506494,0.6847510912289025,False,PREGAME_SHADOW
CFBV2B_2026_401856829,CFB_V2_CANDIDATE_B,2026-10-10T09:07:43.736836+00:00,401856829,2026,7,2026-10-17 16:00:00+00:00,Cincinnati,West Virginia,Cincinnati,0.48476647314098087,0.5152335268590191,0.4774832236365525,0.4982925079349192,False,PREGAME_SHADOW
CFBV2B_2026_401856830,CFB_V2_CANDIDATE_B,2026-10-10T09:07:43.736836+00:00,401856830,2026,7,2026-10-17 16:00:00+00:00,Kansas,Kansas State,Kansas State,0.5716517535095545,0.5716517535095545,0.5906094073990545,0.5364446820004831,False,PREGAME_SHADOW
CFBV2B_2026_401858267,CFB_V2_CANDIDATE_B,2026-10-10T09:07:43.736836+00:00,401858267,2026,7,2026-10-17 16:00:00+00:00,Pittsburgh,Boston College,Pittsburgh,0.222876026487145,0.777123973512855,0.20985450297525393,0.24705885586637127,False,PREGAME_SHADOW
CFBV2B_2026_401858268,CFB_V2_CANDIDATE_B,2026-10-10T09:07:43.736836+00:00,401858268,2026,7,2026-10-17 16:00:00+00:00,Virginia,SMU,SMU,0.6882813342808713,0.6882813342808713,0.7029382418913195,0.6610613630043249,False,PREGAME_SHADOW
CFBV2B_2026_401858488,CFB_V2_CANDIDATE_B,2026-10-10T09:07:43.736836+00:00,401858488,2026,7,2026-10-17 16:00:00+00:00,Ohio State,Indiana,Indiana,0.570176942950519,0.570176942950519,0.5815227319704854,0.5491061919134383,False,PREGAME_SHADOW
CFBV2B_2026_401858491,CFB_V2_CANDIDATE_B,2026-10-10T09:07:43.736836+00:00,401858491,2026,7,2026-10-17 16:00:00+00:00,Northwestern,Michigan State,Northwestern,0.20187567294615238,0.7981243270538476,0.19506352776818575,0.2145267997052333,False,PREGAME_SHADOW
CFBV2B_2026_401862802,CFB_V2_CANDIDATE_B,2026-10-10T09:07:43.736836+00:00,401862802,2026,7,2026-10-17 16:00:00+00:00,Florida Atlantic,Army,Army,0.65068832270221,0.65068832270221,0.6574651099593701,0.6381028606531985,False,PREGAME_SHADOW
CFBV2B_2026_401866441,CFB_V2_CANDIDATE_B,2026-10-10T09:07:43.736836+00:00,401866441,2026,7,2026-10-17 16:00:00+00:00,Ball State,Bowling Green,Bowling Green,0.6235887287227034,0.6235887287227034,0.6333799799236766,0.6054049764923249,False,PREGAME_SHADOW
CFBV2B_2026_401869957,CFB_V2_CANDIDATE_B,2026-10-10T09:07:43.736836+00:00,401869957,2026,7,2026-10-17 16:00:00+00:00,Georgia State,James Madison,James Madison,0.8833224279526257,0.8833224279526257,0.8868137880676229,0.8768384734533452,False,PREGAME_SHADOW
CFBV2B_2026_401858489,CFB_V2_CANDIDATE_B,2026-10-10T09:07:43.736836+00:00,401858489,2026,7,2026-10-17 16:30:00+00:00,Rutgers,Maryland,Maryland,0.6679832411616569,0.6679832411616569,0.6807164603330033,0.6443358341291566,False,PREGAME_SHADOW
CFBV2B_2026_401862803,CFB_V2_CANDIDATE_B,2026-10-10T09:07:43.736836+00:00,401862803,2026,7,2026-10-17 17:00:00+00:00,Charlotte,Temple,Temple,0.8412348066295261,0.8412348066295261,0.8454908465195233,0.8333307325481025,False,PREGAME_SHADOW
CFBV2B_2026_401866442,CFB_V2_CANDIDATE_B,2026-10-10T09:07:43.736836+00:00,401866442,2026,7,2026-10-17 17:00:00+00:00,UMass,Buffalo,Buffalo,0.6791414587808027,0.6791414587808027,0.6846276464887626,0.66895282446602,False,PREGAME_SHADOW
CFBV2B_2026_401866443,CFB_V2_CANDIDATE_B,2026-10-10T09:07:43.736836+00:00,401866443,2026,7,2026-10-17 17:30:00+00:00,Western Michigan,Central Michigan,Western Michigan,0.45688067862582943,0.5431193213741705,0.46087515959638714,0.44946235682336516,False,PREGAME_SHADOW
CFBV2B_2026_401856719,CFB_V2_CANDIDATE_B,2026-10-10T09:07:43.736836+00:00,401856719,2026,7,2026-10-17 19:30:00+00:00,Auburn,Georgia,Georgia,0.932420884186781,0.932420884186781,0.9349819588723756,0.9276646026278199,False,PREGAME_SHADOW
CFBV2B_2026_401856721,CFB_V2_CANDIDATE_B,2026-10-10T09:07:43.736836+00:00,401856721,2026,7,2026-10-17 19:30:00+00:00,Missouri,Ole Miss,Ole Miss,0.618242457121853,0.618242457121853,0.6337323266198487,0.5894755566255752,False,PREGAME_SHADOW
CFBV2B_2026_401856723,CFB_V2_CANDIDATE_B,2026-10-10T09:07:43.736836+00:00,401856723,2026,7,2026-10-17 19:30:00+00:00,Alabama,Tennessee,Alabama,0.36282939981078227,0.6371706001892177,0.36372940973179346,0.3611579528146186,False,PREGAME_SHADOW
CFBV2B_2026_401856828,CFB_V2_CANDIDATE_B,2026-10-10T09:07:43.736836+00:00,401856828,2026,7,2026-10-17 19:30:00+00:00,Arizona State,Texas Tech,Texas Tech,0.9148563569154858,0.9148563569154858,0.9236659945628993,0.8984956012845751,False,PREGAME_SHADOW
CFBV2B_2026_401858264,CFB_V2_CANDIDATE_B,2026-10-10T09:07:43.736836+00:00,401858264,2026,7,2026-10-17 19:30:00+00:00,Georgia Tech,Virginia Tech,Virginia Tech,0.6982100608274633,0.6982100608274633,0.7138351339718623,0.669192067845008,False,PREGAME_SHADOW
CFBV2B_2026_401858266,CFB_V2_CANDIDATE_B,2026-10-10T09:07:43.736836+00:00,401858266,2026,7,2026-10-17 19:30:00+00:00,North Carolina,Duke,Duke,0.6231533940110873,0.6231533940110873,0.6262800268335135,0.6173467901980099,False,PREGAME_SHADOW
CFBV2B_2026_401864522,CFB_V2_CANDIDATE_B,2026-10-10T09:07:43.736836+00:00,401864522,2026,7,2026-10-17 19:30:00+00:00,Northern Illinois,Wyoming,Wyoming,0.7270904892764766,0.7270904892764766,0.7385991475059304,0.705717266850348,False,PREGAME_SHADOW
CFBV2B_2026_401864524,CFB_V2_CANDIDATE_B,2026-10-10T09:07:43.736836+00:00,401864524,2026,7,2026-10-17 19:30:00+00:00,UNLV,Air Force,UNLV,0.49330942833115693,0.506690571668843,0.5101175274025039,0.46209438719865525,False,PREGAME_SHADOW
CFBV2B_2026_401866444,CFB_V2_CANDIDATE_B,2026-10-10T09:07:43.736836+00:00,401866444,2026,7,2026-10-17 19:30:00+00:00,Toledo,Eastern Michigan,Toledo,0.24877717967420582,0.7512228203257942,0.24352942810878317,0.2585230040099907,False,PREGAME_SHADOW
CFBV2B_2026_401866478,CFB_V2_CANDIDATE_B,2026-10-10T09:07:43.736836+00:00,401866478,2026,7,2026-10-17 19:30:00+00:00,Akron,Miami (OH),Miami (OH),0.8335490234139273,0.8335490234139273,0.8338600104411277,0.8329714760776981,False,PREGAME_SHADOW
CFBV2B_2026_401862805,CFB_V2_CANDIDATE_B,2026-10-10T09:07:43.736836+00:00,401862805,2026,7,2026-10-17 20:30:00+00:00,Tulsa,Rice,Rice,0.5827218943126934,0.5827218943126934,0.5858634336723704,0.5768876069304361,False,PREGAME_SHADOW
CFBV2B_2026_401869966,CFB_V2_CANDIDATE_B,2026-10-10T09:07:43.736836+00:00,401869966,2026,7,2026-10-17 21:00:00+00:00,Troy,Louisiana,Louisiana,0.5981065179949925,0.5981065179949925,0.6087392693722523,0.5783599797229384,False,PREGAME_SHADOW
CFBV2B_2026_401860903,CFB_V2_CANDIDATE_B,2026-10-10T09:07:43.736836+00:00,401860903,2026,7,2026-10-17 22:00:00+00:00,Washington State,Oregon State,Oregon State,0.5231940806211585,0.5231940806211585,0.5325322473695816,0.5058517709455155,False,PREGAME_SHADOW
CFBV2B_2026_401856726,CFB_V2_CANDIDATE_B,2026-10-10T09:07:43.736836+00:00,401856726,2026,7,2026-10-17 23:00:00+00:00,Arkansas,Vanderbilt,Vanderbilt,0.8185985007181569,0.8185985007181569,0.832712168179868,0.7923874040035503,False,PREGAME_SHADOW
CFBV2B_2026_401856832,CFB_V2_CANDIDATE_B,2026-10-10T09:07:43.736836+00:00,401856832,2026,7,2026-10-17 23:00:00+00:00,TCU,Baylor,Baylor,0.6117416426289489,0.6117416426289489,0.6192465315706718,0.5978039917371778,False,PREGAME_SHADOW
CFBV2B_2026_401858263,CFB_V2_CANDIDATE_B,2026-10-10T09:07:43.736836+00:00,401858263,2026,7,2026-10-17 23:00:00+00:00,Florida State,Miami,Miami,0.8777798064397935,0.8777798064397935,0.8857845770449567,0.8629138038873472,False,PREGAME_SHADOW
CFBV2B_2026_401862806,CFB_V2_CANDIDATE_B,2026-10-10T09:07:43.736836+00:00,401862806,2026,7,2026-10-17 23:00:00+00:00,Kent State,South Florida,South Florida,0.9799862832358868,0.9799862832358868,0.9792677575185628,0.9813206881394883,False,PREGAME_SHADOW
CFBV2B_2026_401864520,CFB_V2_CANDIDATE_B,2026-10-10T09:07:43.736836+00:00,401864520,2026,7,2026-10-17 23:00:00+00:00,Nevada,North Dakota State,North Dakota State,0.8449541169854251,0.8449541169854251,0.8592562305790068,0.8183930488830591,False,PREGAME_SHADOW
CFBV2B_2026_401869934,CFB_V2_CANDIDATE_B,2026-10-10T09:07:43.736836+00:00,401869934,2026,7,2026-10-17 23:00:00+00:00,Arkansas State,Southern Mississippi,Southern Mississippi,0.5188780242871917,0.5188780242871917,0.530405266389989,0.49747028895342527,False,PREGAME_SHADOW
CFBV2B_2026_401856722,CFB_V2_CANDIDATE_B,2026-10-10T09:07:43.736836+00:00,401856722,2026,7,2026-10-17 23:30:00+00:00,Kentucky,Oklahoma,Oklahoma,0.796891839770595,0.796891839770595,0.8137451215195323,0.76559288795114,False,PREGAME_SHADOW
CFBV2B_2026_401856809,CFB_V2_CANDIDATE_B,2026-10-10T09:07:43.736836+00:00,401856809,2026,7,2026-10-17 23:30:00+00:00,Notre Dame,BYU,Notre Dame,0.2160883578201039,0.7839116421798961,0.20865049611663822,0.22990152955511167,False,PREGAME_SHADOW
CFBV2B_2026_401856831,CFB_V2_CANDIDATE_B,2026-10-10T09:07:43.736836+00:00,401856831,2026,7,2026-10-17 23:30:00+00:00,Oklahoma State,Houston,Houston,0.8381110445654776,0.8381110445654776,0.8546522438434822,0.807391674477755,False,PREGAME_SHADOW
CFBV2B_2026_401858265,CFB_V2_CANDIDATE_B,2026-10-10T09:07:43.736836+00:00,401858265,2026,7,2026-10-17 23:30:00+00:00,Louisville,Syracuse,Louisville,0.2202512217096963,0.7797487782903036,0.2184932942716774,0.22351594409458858,False,PREGAME_SHADOW
CFBV2B_2026_401862804,CFB_V2_CANDIDATE_B,2026-10-10T09:07:43.736836+00:00,401862804,2026,7,2026-10-18 00:00:00+00:00,Navy,UT San Antonio,UT San Antonio,0.7863854697272631,0.7863854697272631,0.7976449836849805,0.7654749438057878,False,PREGAME_SHADOW
CFBV2B_2026_401871091,CFB_V2_CANDIDATE_B,2026-10-10T09:07:43.736836+00:00,401871091,2026,7,2026-10-18 00:00:00+00:00,Louisiana Tech,Louisiana Monroe,Louisiana Tech,0.20279044019934925,0.7972095598006508,0.20089999925941648,0.20630125908779584,False,PREGAME_SHADOW
CFBV2B_2026_401864523,CFB_V2_CANDIDATE_B,2026-10-10T09:07:43.736836+00:00,401864523,2026,7,2026-10-18 01:00:00+00:00,San José State,UTEP,San José State,0.24555824030708362,0.7544417596929164,0.24318856528368954,0.24995906535052975,False,PREGAME_SHADOW
CFBV2B_2026_401866445,CFB_V2_CANDIDATE_B,2026-10-10T09:07:43.736836+00:00,401866445,2026,7,2026-10-18 02:00:00+00:00,Ohio,Sacramento State,Ohio,0.49572078715932477,0.5042792128406752,0.4956870803174229,0.49578338557999974,False,PREGAME_SHADOW
CFBV2B_2026_401860904,CFB_V2_CANDIDATE_B,2026-10-10T09:07:43.736836+00:00,401860904,2026,7,2026-10-18 02:30:00+00:00,Fresno State,San Diego State,Fresno State,0.3412492141491503,0.6587507858508497,0.3398636384562166,0.343822426150313,False,PREGAME_SHADOW
CFBV2B_2026_401864521,CFB_V2_CANDIDATE_B,2026-10-10T09:07:43.736836+00:00,401864521,2026,7,2026-10-18 02:30:00+00:00,New Mexico,Hawai'i,New Mexico,0.27335086425305666,0.7266491357469433,0.2783945888359026,0.2639839471706285,False,PREGAME_SHADOW
