prediction_id,model_version,snapshot_created_utc,game_id,season,week,kickoff_utc,away_team,home_team,predicted_winner,home_win_prob,confidence,v1_home_win_prob,margin_home_win_prob,market_used_for_pick,status,bundle_sha256,bundle_frozen_at_utc,actual_winner,correct,settled,schedule_kickoff_utc,home_points_final,away_points_final,brier,settled_at_utc
CFBV2B_2026_401871090,CFB_V2_CANDIDATE_B,2026-10-06T22:53:40.185935+00:00,401871090,2026,6,2026-10-07 00:00:00+00:00,Southern Mississippi,Troy,Troy,0.7130928495706806,0.7130928495706806,0.7162464146248815,0.7072362287557362,False,SETTLED,43363558b09e708bd7e9131c87250dc65a67faf770bdcb3627e9b4ac8a9dd1c6,2026-10-06T14:09:17.366248+00:00,Troy,1.0,True,2026-10-07T00:00:00.000Z,55.0,34.0,0.082315712967472,2026-10-07T03:48:36.391789+00:00
CFBV2B_2026_401871051,CFB_V2_CANDIDATE_B,2026-10-06T22:53:40.185935+00:00,401871051,2026,6,2026-10-07 23:00:00+00:00,Jacksonville State,Kennesaw State,Jacksonville State,0.3331866445810254,0.6668133554189746,0.3296459417704904,0.339762235514876,False,SETTLED,43363558b09e708bd7e9131c87250dc65a67faf770bdcb3627e9b4ac8a9dd1c6,2026-10-06T14:09:17.366248+00:00,Jacksonville State,1.0,True,2026-10-07T23:00Z,26.0,27.0,0.11101334012716256,2026-10-08T02:43:26.836916+00:00
CFBV2B_2026_401871066,CFB_V2_CANDIDATE_B,2026-10-06T22:53:40.185935+00:00,401871066,2026,6,2026-10-07 23:30:00+00:00,New Mexico State,Florida International,Florida International,0.6608335416871753,0.6608335416871753,0.6662282134466535,0.6508148655624302,False,PREGAME_SHADOW,43363558b09e708bd7e9131c87250dc65a67faf770bdcb3627e9b4ac8a9dd1c6,2026-10-06T14:09:17.366248+00:00,,,False,2026-10-08T00:04Z,,,,
CFBV2B_2026_401870766,CFB_V2_CANDIDATE_B,2026-10-06T22:53:40.185935+00:00,401870766,2026,6,2026-10-08 23:00:00+00:00,Sam Houston State,Liberty,Liberty,0.9401356333452346,0.9401356333452346,0.940053649656116,0.9402878887678836,False,PREGAME_SHADOW,43363558b09e708bd7e9131c87250dc65a67faf770bdcb3627e9b4ac8a9dd1c6,2026-10-06T14:09:17.366248+00:00,,,False,2026-10-08T23:00:00.000Z,,,,
CFBV2B_2026_401871052,CFB_V2_CANDIDATE_B,2026-10-06T22:53:40.185935+00:00,401871052,2026,6,2026-10-08 23:00:00+00:00,Missouri State,Western Kentucky,Western Kentucky,0.5227833840349536,0.5227833840349536,0.5352175821841857,0.4996913017578083,False,PREGAME_SHADOW,43363558b09e708bd7e9131c87250dc65a67faf770bdcb3627e9b4ac8a9dd1c6,2026-10-06T14:09:17.366248+00:00,,,False,2026-10-08T23:00:00.000Z,,,,
CFBV2B_2026_401862794,CFB_V2_CANDIDATE_B,2026-10-06T22:53:40.185935+00:00,401862794,2026,6,2026-10-08 23:30:00+00:00,South Florida,UT San Antonio,South Florida,0.322215900741451,0.6777840992585489,0.3035319195020231,0.3569147230432459,False,PREGAME_SHADOW,43363558b09e708bd7e9131c87250dc65a67faf770bdcb3627e9b4ac8a9dd1c6,2026-10-06T14:09:17.366248+00:00,,,False,2026-10-08T23:30:00.000Z,,,,
CFBV2B_2026_401869933,CFB_V2_CANDIDATE_B,2026-10-06T22:53:40.185935+00:00,401869933,2026,6,2026-10-08 23:30:00+00:00,South Alabama,Arkansas State,Arkansas State,0.5682252406433617,0.5682252406433617,0.5685737598529805,0.5675779906826409,False,PREGAME_SHADOW,43363558b09e708bd7e9131c87250dc65a67faf770bdcb3627e9b4ac8a9dd1c6,2026-10-06T14:09:17.366248+00:00,,,False,2026-10-08T23:30:00.000Z,,,,
CFBV2B_2026_401858254,CFB_V2_CANDIDATE_B,2026-10-06T22:53:40.185935+00:00,401858254,2026,6,2026-10-09 23:00:00+00:00,Florida State,Louisville,Louisville,0.5891978231914439,0.5891978231914439,0.5957716693358277,0.5769892517804454,False,PREGAME_SHADOW,43363558b09e708bd7e9131c87250dc65a67faf770bdcb3627e9b4ac8a9dd1c6,2026-10-06T14:09:17.366248+00:00,,,False,2026-10-09T23:00:00.000Z,,,,
CFBV2B_2026_401858487,CFB_V2_CANDIDATE_B,2026-10-06T22:53:40.185935+00:00,401858487,2026,6,2026-10-10 01:00:00+00:00,Iowa,Washington,Iowa,0.4278204739238682,0.5721795260761318,0.4283559051690957,0.4268261016113028,False,PREGAME_SHADOW,43363558b09e708bd7e9131c87250dc65a67faf770bdcb3627e9b4ac8a9dd1c6,2026-10-06T14:09:17.366248+00:00,,,False,2026-10-10T01:00:00.000Z,,,,
CFBV2B_2026_401860922,CFB_V2_CANDIDATE_B,2026-10-06T22:53:40.185935+00:00,401860922,2026,6,2026-10-10 01:00:00+00:00,Washington State,Utah State,Washington State,0.3271071337957065,0.6728928662042934,0.3274622828627241,0.3264475712426739,False,PREGAME_SHADOW,43363558b09e708bd7e9131c87250dc65a67faf770bdcb3627e9b4ac8a9dd1c6,2026-10-06T14:09:17.366248+00:00,,,False,2026-10-10T01:00:00.000Z,,,,
CFBV2B_2026_401864519,CFB_V2_CANDIDATE_B,2026-10-06T22:53:40.185935+00:00,401864519,2026,6,2026-10-10 01:00:00+00:00,Wyoming,San José State,San José State,0.6979659113562762,0.6979659113562762,0.7098930925416858,0.6758154320119443,False,PREGAME_SHADOW,43363558b09e708bd7e9131c87250dc65a67faf770bdcb3627e9b4ac8a9dd1c6,2026-10-06T14:09:17.366248+00:00,,,False,2026-10-10T01:00:00.000Z,,,,
CFBV2B_2026_401856826,CFB_V2_CANDIDATE_B,2026-10-06T22:53:40.185935+00:00,401856826,2026,6,2026-10-10 02:15:00+00:00,Iowa State,BYU,BYU,0.7568552994776332,0.7568552994776332,0.7711884157155102,0.7302366550358614,False,PREGAME_SHADOW,43363558b09e708bd7e9131c87250dc65a67faf770bdcb3627e9b4ac8a9dd1c6,2026-10-06T14:09:17.366248+00:00,,,False,2026-10-10T02:15:00.000Z,,,,
CFBV2B_2026_401856716,CFB_V2_CANDIDATE_B,2026-10-06T22:53:40.185935+00:00,401856716,2026,6,2026-10-10 16:00:00+00:00,Texas A&M,Missouri,Missouri,0.5259689357698762,0.5259689357698762,0.5278046372679568,0.5225597758448697,False,PREGAME_SHADOW,43363558b09e708bd7e9131c87250dc65a67faf770bdcb3627e9b4ac8a9dd1c6,2026-10-06T14:09:17.366248+00:00,,,False,2026-10-10T16:00:00.000Z,,,,
CFBV2B_2026_401856823,CFB_V2_CANDIDATE_B,2026-10-06T22:53:40.185935+00:00,401856823,2026,6,2026-10-10 16:00:00+00:00,Arizona,West Virginia,Arizona,0.2219747695839559,0.778025230416044,0.2101829669244552,0.2438738316658858,False,PREGAME_SHADOW,43363558b09e708bd7e9131c87250dc65a67faf770bdcb3627e9b4ac8a9dd1c6,2026-10-06T14:09:17.366248+00:00,,,False,2026-10-10T16:00:00.000Z,,,,
CFBV2B_2026_401856824,CFB_V2_CANDIDATE_B,2026-10-06T22:53:40.185935+00:00,401856824,2026,6,2026-10-10 16:00:00+00:00,UCF,Oklahoma State,UCF,0.4166772505101394,0.5833227494898605,0.4126856697694296,0.4240901861714576,False,PREGAME_SHADOW,43363558b09e708bd7e9131c87250dc65a67faf770bdcb3627e9b4ac8a9dd1c6,2026-10-06T14:09:17.366248+00:00,,,False,2026-10-10T16:00:00.000Z,,,,
CFBV2B_2026_401858256,CFB_V2_CANDIDATE_B,2026-10-06T22:53:40.185935+00:00,401858256,2026,6,2026-10-10 16:00:00+00:00,North Carolina,Pittsburgh,Pittsburgh,0.6913168467445472,0.6913168467445472,0.7046527745101827,0.6665501237512241,False,PREGAME_SHADOW,43363558b09e708bd7e9131c87250dc65a67faf770bdcb3627e9b4ac8a9dd1c6,2026-10-06T14:09:17.366248+00:00,,,False,2026-10-10T16:00:00.000Z,,,,
CFBV2B_2026_401858260,CFB_V2_CANDIDATE_B,2026-10-06T22:53:40.185935+00:00,401858260,2026,6,2026-10-10 16:00:00+00:00,Wake Forest,NC State,Wake Forest,0.4820117281823133,0.5179882718176867,0.4910155437421737,0.4652903564282869,False,PREGAME_SHADOW,43363558b09e708bd7e9131c87250dc65a67faf770bdcb3627e9b4ac8a9dd1c6,2026-10-06T14:09:17.366248+00:00,,,False,2026-10-10T16:00:00.000Z,,,,
CFBV2B_2026_401858481,CFB_V2_CANDIDATE_B,2026-10-06T22:53:40.185935+00:00,401858481,2026,6,2026-10-10 16:00:00+00:00,Indiana,Nebraska,Indiana,0.2566530313941653,0.7433469686058347,0.2449874916834407,0.2783176051426539,False,PREGAME_SHADOW,43363558b09e708bd7e9131c87250dc65a67faf770bdcb3627e9b4ac8a9dd1c6,2026-10-06T14:09:17.366248+00:00,,,False,2026-10-10T16:00:00.000Z,,,,
CFBV2B_2026_401862795,CFB_V2_CANDIDATE_B,2026-10-06T22:53:40.185935+00:00,401862795,2026,6,2026-10-10 16:00:00+00:00,Tulane,Army,Army,0.5065731160865943,0.5065731160865943,0.5191330349484152,0.4832475524860695,False,PREGAME_SHADOW,43363558b09e708bd7e9131c87250dc65a67faf770bdcb3627e9b4ac8a9dd1c6,2026-10-06T14:09:17.366248+00:00,,,False,2026-10-10T16:00:00.000Z,,,,
CFBV2B_2026_401866436,CFB_V2_CANDIDATE_B,2026-10-06T22:53:40.185935+00:00,401866436,2026,6,2026-10-10 16:00:00+00:00,Sacramento State,Bowling Green,Bowling Green,0.5388856803888383,0.5388856803888383,0.5317283502405378,0.5521778649499679,False,PREGAME_SHADOW,43363558b09e708bd7e9131c87250dc65a67faf770bdcb3627e9b4ac8a9dd1c6,2026-10-06T14:09:17.366248+00:00,,,False,2026-10-10T16:00:00.000Z,,,,
CFBV2B_2026_401858482,CFB_V2_CANDIDATE_B,2026-10-06T22:53:40.185935+00:00,401858482,2026,6,2026-10-10 16:30:00+00:00,Ball State,Northwestern,Northwestern,0.9718396848799338,0.9718396848799338,0.9694729020914704,0.9762351386299376,False,PREGAME_SHADOW,43363558b09e708bd7e9131c87250dc65a67faf770bdcb3627e9b4ac8a9dd1c6,2026-10-06T14:09:17.366248+00:00,,,False,2026-10-10T16:30:00.000Z,,,,
CFBV2B_2026_401856714,CFB_V2_CANDIDATE_B,2026-10-06T22:53:40.185935+00:00,401856714,2026,6,2026-10-10 16:45:00+00:00,South Carolina,Florida,Florida,0.7151321080588438,0.7151321080588438,0.7334319672550654,0.6811466552658607,False,PREGAME_SHADOW,43363558b09e708bd7e9131c87250dc65a67faf770bdcb3627e9b4ac8a9dd1c6,2026-10-06T14:09:17.366248+00:00,,,False,2026-10-10T16:45:00.000Z,,,,
CFBV2B_2026_401869843,CFB_V2_CANDIDATE_B,2026-10-06T22:53:40.185935+00:00,401869843,2026,6,2026-10-10 17:00:00+00:00,Old Dominion,App State,App State,0.7484574345678673,0.7484574345678673,0.75119734271778,0.7433690337180292,False,PREGAME_SHADOW,43363558b09e708bd7e9131c87250dc65a67faf770bdcb3627e9b4ac8a9dd1c6,2026-10-06T14:09:17.366248+00:00,,,False,2026-10-10T17:00:00.000Z,,,,
CFBV2B_2026_401866440,CFB_V2_CANDIDATE_B,2026-10-06T22:53:40.185935+00:00,401866440,2026,6,2026-10-10 18:00:00+00:00,Miami (OH),UMass,UMass,0.5073000251304143,0.5073000251304143,0.5113522827471221,0.4997744038422428,False,PREGAME_SHADOW,43363558b09e708bd7e9131c87250dc65a67faf770bdcb3627e9b4ac8a9dd1c6,2026-10-06T14:09:17.366248+00:00,,,False,2026-10-10T18:00:00.000Z,,,,
CFBV2B_2026_401856717,CFB_V2_CANDIDATE_B,2026-10-06T22:53:40.185935+00:00,401856717,2026,6,2026-10-10 19:30:00+00:00,Texas,Oklahoma,Texas,0.3217451461493912,0.6782548538506088,0.3084855905881696,0.3463700350488028,False,PREGAME_SHADOW,43363558b09e708bd7e9131c87250dc65a67faf770bdcb3627e9b4ac8a9dd1c6,2026-10-06T14:09:17.366248+00:00,,,False,2026-10-10T19:30:00.000Z,,,,
CFBV2B_2026_401856718,CFB_V2_CANDIDATE_B,2026-10-06T22:53:40.185935+00:00,401856718,2026,6,2026-10-10 19:30:00+00:00,Ole Miss,Vanderbilt,Ole Miss,0.4868212135427778,0.5131787864572221,0.4982520821197048,0.4655924576141992,False,PREGAME_SHADOW,43363558b09e708bd7e9131c87250dc65a67faf770bdcb3627e9b4ac8a9dd1c6,2026-10-06T14:09:17.366248+00:00,,,False,2026-10-10T19:30:00.000Z,,,,
CFBV2B_2026_401856825,CFB_V2_CANDIDATE_B,2026-10-06T22:53:40.185935+00:00,401856825,2026,6,2026-10-10 19:30:00+00:00,Houston,Kansas State,Kansas State,0.6207912695128686,0.6207912695128686,0.6287425706190896,0.6060245674584581,False,PREGAME_SHADOW,43363558b09e708bd7e9131c87250dc65a67faf770bdcb3627e9b4ac8a9dd1c6,2026-10-06T14:09:17.366248+00:00,,,False,2026-10-10T19:30:00.000Z,,,,
CFBV2B_2026_401858255,CFB_V2_CANDIDATE_B,2026-10-06T22:53:40.185935+00:00,401858255,2026,6,2026-10-10 19:30:00+00:00,Duke,Georgia Tech,Duke,0.3855187923672234,0.6144812076327766,0.3885053829157,0.3799722670629097,False,PREGAME_SHADOW,43363558b09e708bd7e9131c87250dc65a67faf770bdcb3627e9b4ac8a9dd1c6,2026-10-06T14:09:17.366248+00:00,,,False,2026-10-10T19:30:00.000Z,,,,
CFBV2B_2026_401858257,CFB_V2_CANDIDATE_B,2026-10-06T22:53:40.185935+00:00,401858257,2026,6,2026-10-10 19:30:00+00:00,Stanford,Notre Dame,Notre Dame,0.994739203164303,0.994739203164303,0.9935634377219728,0.996922767557202,False,PREGAME_SHADOW,43363558b09e708bd7e9131c87250dc65a67faf770bdcb3627e9b4ac8a9dd1c6,2026-10-06T14:09:17.366248+00:00,,,False,2026-10-10T19:30:00.000Z,,,,
CFBV2B_2026_401858259,CFB_V2_CANDIDATE_B,2026-10-06T22:53:40.185935+00:00,401858259,2026,6,2026-10-10 19:30:00+00:00,Virginia Tech,California,Virginia Tech,0.3353952121332524,0.6646047878667476,0.3313745498356951,0.3428621564001445,False,PREGAME_SHADOW,43363558b09e708bd7e9131c87250dc65a67faf770bdcb3627e9b4ac8a9dd1c6,2026-10-06T14:09:17.366248+00:00,,,False,2026-10-10T19:30:00.000Z,,,,
CFBV2B_2026_401858480,CFB_V2_CANDIDATE_B,2026-10-06T22:53:40.185935+00:00,401858480,2026,6,2026-10-10 19:30:00+00:00,Illinois,Michigan State,Illinois,0.3290354786584649,0.6709645213415351,0.3216003419143438,0.3428435897546897,False,PREGAME_SHADOW,43363558b09e708bd7e9131c87250dc65a67faf770bdcb3627e9b4ac8a9dd1c6,2026-10-06T14:09:17.366248+00:00,,,False,2026-10-10T19:30:00.000Z,,,,
CFBV2B_2026_401858484,CFB_V2_CANDIDATE_B,2026-10-06T22:53:40.185935+00:00,401858484,2026,6,2026-10-10 19:30:00+00:00,UCLA,Oregon,Oregon,0.8573208422189285,0.8573208422189285,0.87473095879168,0.8249877685838185,False,PREGAME_SHADOW,43363558b09e708bd7e9131c87250dc65a67faf770bdcb3627e9b4ac8a9dd1c6,2026-10-06T14:09:17.366248+00:00,,,False,2026-10-10T19:30:00.000Z,,,,
CFBV2B_2026_401862796,CFB_V2_CANDIDATE_B,2026-10-06T22:53:40.185935+00:00,401862796,2026,6,2026-10-10 19:30:00+00:00,Charlotte,North Texas,North Texas,0.9545813359002442,0.9545813359002442,0.9574817405243816,0.9491948701697036,False,PREGAME_SHADOW,43363558b09e708bd7e9131c87250dc65a67faf770bdcb3627e9b4ac8a9dd1c6,2026-10-06T14:09:17.366248+00:00,,,False,2026-10-10T19:30:00.000Z,,,,
CFBV2B_2026_401862799,CFB_V2_CANDIDATE_B,2026-10-06T22:53:40.185935+00:00,401862799,2026,6,2026-10-10 19:30:00+00:00,Tulsa,Navy,Navy,0.6152076853606036,0.6152076853606036,0.6239247167591448,0.5990189127633125,False,PREGAME_SHADOW,43363558b09e708bd7e9131c87250dc65a67faf770bdcb3627e9b4ac8a9dd1c6,2026-10-06T14:09:17.366248+00:00,,,False,2026-10-10T19:30:00.000Z,,,,
CFBV2B_2026_401866435,CFB_V2_CANDIDATE_B,2026-10-06T22:53:40.185935+00:00,401866435,2026,6,2026-10-10 19:30:00+00:00,Eastern Michigan,Akron,Eastern Michigan,0.2529604561652643,0.7470395438347357,0.253173296205964,0.2525651818039649,False,PREGAME_SHADOW,43363558b09e708bd7e9131c87250dc65a67faf770bdcb3627e9b4ac8a9dd1c6,2026-10-06T14:09:17.366248+00:00,,,False,2026-10-10T19:30:00.000Z,,,,
CFBV2B_2026_401866437,CFB_V2_CANDIDATE_B,2026-10-06T22:53:40.185935+00:00,401866437,2026,6,2026-10-10 19:30:00+00:00,Buffalo,Toledo,Toledo,0.8629026073851864,0.8629026073851864,0.8752236989772166,0.8400205801428449,False,PREGAME_SHADOW,43363558b09e708bd7e9131c87250dc65a67faf770bdcb3627e9b4ac8a9dd1c6,2026-10-06T14:09:17.366248+00:00,,,False,2026-10-10T19:30:00.000Z,,,,
CFBV2B_2026_401866438,CFB_V2_CANDIDATE_B,2026-10-06T22:53:40.185935+00:00,401866438,2026,6,2026-10-10 19:30:00+00:00,Central Michigan,Ohio,Ohio,0.6697964467408267,0.6697964467408267,0.686043899752734,0.6396226054329988,False,PREGAME_SHADOW,43363558b09e708bd7e9131c87250dc65a67faf770bdcb3627e9b4ac8a9dd1c6,2026-10-06T14:09:17.366248+00:00,,,False,2026-10-10T19:30:00.000Z,,,,
CFBV2B_2026_401866439,CFB_V2_CANDIDATE_B,2026-10-06T22:53:40.185935+00:00,401866439,2026,6,2026-10-10 19:30:00+00:00,Kent State,Western Michigan,Western Michigan,0.9037286569992484,0.9037286569992484,0.9079536924945558,0.8958821625079629,False,PREGAME_SHADOW,43363558b09e708bd7e9131c87250dc65a67faf770bdcb3627e9b4ac8a9dd1c6,2026-10-06T14:09:17.366248+00:00,,,False,2026-10-10T19:30:00.000Z,,,,
CFBV2B_2026_401861964,CFB_V2_CANDIDATE_B,2026-10-06T22:53:40.185935+00:00,401861964,2026,6,2026-10-10 19:45:00+00:00,Connecticut,Temple,Temple,0.675307607353774,0.675307607353774,0.6841125170810741,0.658955632145931,False,PREGAME_SHADOW,43363558b09e708bd7e9131c87250dc65a67faf770bdcb3627e9b4ac8a9dd1c6,2026-10-06T14:09:17.366248+00:00,,,False,2026-10-10T19:45:00.000Z,,,,
CFBV2B_2026_401862797,CFB_V2_CANDIDATE_B,2026-10-06T22:53:40.185935+00:00,401862797,2026,6,2026-10-10 20:00:00+00:00,Rice,East Carolina,East Carolina,0.7811666336014578,0.7811666336014578,0.7951656246320953,0.7551685074017023,False,PREGAME_SHADOW,43363558b09e708bd7e9131c87250dc65a67faf770bdcb3627e9b4ac8a9dd1c6,2026-10-06T14:09:17.366248+00:00,,,False,2026-10-10T20:00:00.000Z,,,,
CFBV2B_2026_401856713,CFB_V2_CANDIDATE_B,2026-10-06T22:53:40.185935+00:00,401856713,2026,6,2026-10-10 20:15:00+00:00,Tennessee,Arkansas,Tennessee,0.1930668889996107,0.8069331110003892,0.1932917040663442,0.1926493753042487,False,PREGAME_SHADOW,43363558b09e708bd7e9131c87250dc65a67faf770bdcb3627e9b4ac8a9dd1c6,2026-10-06T14:09:17.366248+00:00,,,False,2026-10-10T20:15:00.000Z,,,,
CFBV2B_2026_401858483,CFB_V2_CANDIDATE_B,2026-10-06T22:53:40.185935+00:00,401858483,2026,6,2026-10-10 20:15:00+00:00,Maryland,Ohio State,Ohio State,0.9720909826193244,0.9720909826193244,0.9708042128875458,0.9744806978354844,False,PREGAME_SHADOW,43363558b09e708bd7e9131c87250dc65a67faf770bdcb3627e9b4ac8a9dd1c6,2026-10-06T14:09:17.366248+00:00,,,False,2026-10-10T20:15:00.000Z,,,,
CFBV2B_2026_401860902,CFB_V2_CANDIDATE_B,2026-10-06T22:53:40.185935+00:00,401860902,2026,6,2026-10-10 22:00:00+00:00,San Diego State,Oregon State,Oregon State,0.5968962145496677,0.5968962145496677,0.5946795174544557,0.6010129377264898,False,PREGAME_SHADOW,43363558b09e708bd7e9131c87250dc65a67faf770bdcb3627e9b4ac8a9dd1c6,2026-10-06T14:09:17.366248+00:00,,,False,2026-10-10T22:00:00.000Z,,,,
CFBV2B_2026_401856715,CFB_V2_CANDIDATE_B,2026-10-06T22:53:40.185935+00:00,401856715,2026,6,2026-10-10 23:00:00+00:00,LSU,Kentucky,LSU,0.1921175568901292,0.8078824431098708,0.1842912379723452,0.206652149166014,False,PREGAME_SHADOW,43363558b09e708bd7e9131c87250dc65a67faf770bdcb3627e9b4ac8a9dd1c6,2026-10-06T14:09:17.366248+00:00,,,False,2026-10-10T23:00:00.000Z,,,,
CFBV2B_2026_401862798,CFB_V2_CANDIDATE_B,2026-10-06T22:53:40.185935+00:00,401862798,2026,6,2026-10-10 23:00:00+00:00,UAB,Memphis,Memphis,0.8356742875226593,0.8356742875226593,0.8484348962566242,0.8119760141595815,False,PREGAME_SHADOW,43363558b09e708bd7e9131c87250dc65a67faf770bdcb3627e9b4ac8a9dd1c6,2026-10-06T14:09:17.366248+00:00,,,False,2026-10-10T23:00:00.000Z,,,,
CFBV2B_2026_401864517,CFB_V2_CANDIDATE_B,2026-10-06T22:53:40.185935+00:00,401864517,2026,6,2026-10-10 23:00:00+00:00,Nevada,UTEP,Nevada,0.312431013567184,0.687568986432816,0.3213665650972906,0.2958364178684144,False,PREGAME_SHADOW,43363558b09e708bd7e9131c87250dc65a67faf770bdcb3627e9b4ac8a9dd1c6,2026-10-06T14:09:17.366248+00:00,,,False,2026-10-10T23:00:00.000Z,,,,
CFBV2B_2026_401864518,CFB_V2_CANDIDATE_B,2026-10-06T22:53:40.185935+00:00,401864518,2026,6,2026-10-10 23:00:00+00:00,North Dakota State,UNLV,UNLV,0.5374966070765447,0.5374966070765447,0.5263030326422126,0.5582846738831614,False,PREGAME_SHADOW,43363558b09e708bd7e9131c87250dc65a67faf770bdcb3627e9b4ac8a9dd1c6,2026-10-06T14:09:17.366248+00:00,,,False,2026-10-10T23:00:00.000Z,,,,
CFBV2B_2026_401869943,CFB_V2_CANDIDATE_B,2026-10-06T22:53:40.185935+00:00,401869943,2026,6,2026-10-10 23:00:00+00:00,Coastal Carolina,Marshall,Marshall,0.5567249193103325,0.5567249193103325,0.559608571811392,0.5513695646655078,False,PREGAME_SHADOW,43363558b09e708bd7e9131c87250dc65a67faf770bdcb3627e9b4ac8a9dd1c6,2026-10-06T14:09:17.366248+00:00,,,False,2026-10-10T23:00:00.000Z,,,,
CFBV2B_2026_401856712,CFB_V2_CANDIDATE_B,2026-10-06T22:53:40.185935+00:00,401856712,2026,6,2026-10-10 23:30:00+00:00,Georgia,Alabama,Georgia,0.4194864544408804,0.5805135455591196,0.4167645928412217,0.4245413402688179,False,PREGAME_SHADOW,43363558b09e708bd7e9131c87250dc65a67faf770bdcb3627e9b4ac8a9dd1c6,2026-10-06T14:09:17.366248+00:00,,,False,2026-10-10T23:30:00.000Z,,,,
CFBV2B_2026_401858258,CFB_V2_CANDIDATE_B,2026-10-06T22:53:40.185935+00:00,401858258,2026,6,2026-10-10 23:30:00+00:00,Syracuse,Virginia,Virginia,0.7906703002175131,0.7906703002175131,0.8012112405991683,0.7710942680801536,False,PREGAME_SHADOW,43363558b09e708bd7e9131c87250dc65a67faf770bdcb3627e9b4ac8a9dd1c6,2026-10-06T14:09:17.366248+00:00,,,False,2026-10-10T23:30:00.000Z,,,,
CFBV2B_2026_401858485,CFB_V2_CANDIDATE_B,2026-10-06T22:53:40.185935+00:00,401858485,2026,6,2026-10-10 23:30:00+00:00,USC,Penn State,USC,0.3788466698962288,0.6211533301037713,0.3637945134152284,0.4068006747895151,False,PREGAME_SHADOW,43363558b09e708bd7e9131c87250dc65a67faf770bdcb3627e9b4ac8a9dd1c6,2026-10-06T14:09:17.366248+00:00,,,False,2026-10-10T23:30:00.000Z,,,,
CFBV2B_2026_401864516,CFB_V2_CANDIDATE_B,2026-10-06T22:53:40.185935+00:00,401864516,2026,6,2026-10-10 23:30:00+00:00,Air Force,Northern Illinois,Air Force,0.3109624301161292,0.6890375698838708,0.29623225219375,0.3383184748291191,False,PREGAME_SHADOW,43363558b09e708bd7e9131c87250dc65a67faf770bdcb3627e9b4ac8a9dd1c6,2026-10-06T14:09:17.366248+00:00,,,False,2026-10-10T23:30:00.000Z,,,,
CFBV2B_2026_401869949,CFB_V2_CANDIDATE_B,2026-10-06T22:53:40.185935+00:00,401869949,2026,6,2026-10-10 23:30:00+00:00,James Madison,Georgia Southern,James Madison,0.1850552697862737,0.8149447302137263,0.1829252266843692,0.1890110641183819,False,PREGAME_SHADOW,43363558b09e708bd7e9131c87250dc65a67faf770bdcb3627e9b4ac8a9dd1c6,2026-10-06T14:09:17.366248+00:00,,,False,2026-10-10T23:30:00.000Z,,,,
CFBV2B_2026_401869965,CFB_V2_CANDIDATE_B,2026-10-06T22:53:40.185935+00:00,401869965,2026,6,2026-10-10 23:30:00+00:00,Louisiana,Louisiana Tech,Louisiana Tech,0.5257034423701675,0.5257034423701675,0.5419219127355713,0.4955834259772748,False,PREGAME_SHADOW,43363558b09e708bd7e9131c87250dc65a67faf770bdcb3627e9b4ac8a9dd1c6,2026-10-06T14:09:17.366248+00:00,,,False,2026-10-10T23:30:00.000Z,,,,
CFBV2B_2026_401858486,CFB_V2_CANDIDATE_B,2026-10-06T22:53:40.185935+00:00,401858486,2026,6,2026-10-11 00:00:00+00:00,Minnesota,Purdue,Minnesota,0.3946453076165634,0.6053546923834365,0.3952467664833828,0.3935283125781844,False,PREGAME_SHADOW,43363558b09e708bd7e9131c87250dc65a67faf770bdcb3627e9b4ac8a9dd1c6,2026-10-06T14:09:17.366248+00:00,,,False,2026-10-11T00:00:00.000Z,,,,
CFBV2B_2026_401856827,CFB_V2_CANDIDATE_B,2026-10-06T22:53:40.185935+00:00,401856827,2026,6,2026-10-11 02:15:00+00:00,Kansas,Utah,Utah,0.7668842047014695,0.7668842047014695,0.78487127428302,0.7334796469071613,False,PREGAME_SHADOW,43363558b09e708bd7e9131c87250dc65a67faf770bdcb3627e9b4ac8a9dd1c6,2026-10-06T14:09:17.366248+00:00,,,False,2026-10-11T02:15:00.000Z,,,,
CFBV2B_2026_401856808,CFB_V2_CANDIDATE_B,2026-10-06T22:53:40.185935+00:00,401856808,2026,6,2026-10-11 02:30:00+00:00,Hawai'i,Arizona State,Arizona State,0.7473194792317742,0.7473194792317742,0.7510519331038006,0.7403877791837251,False,PREGAME_SHADOW,43363558b09e708bd7e9131c87250dc65a67faf770bdcb3627e9b4ac8a9dd1c6,2026-10-06T14:09:17.366248+00:00,,,False,2026-10-11T01:30:00.000Z,,,,
CFBV2B_2026_401860901,CFB_V2_CANDIDATE_B,2026-10-06T22:53:40.185935+00:00,401860901,2026,6,2026-10-11 02:30:00+00:00,Boise State,Fresno State,Boise State,0.4042330251633214,0.5957669748366785,0.4039061054624094,0.4048401617507294,False,PREGAME_SHADOW,43363558b09e708bd7e9131c87250dc65a67faf770bdcb3627e9b4ac8a9dd1c6,2026-10-06T14:09:17.366248+00:00,,,False,2026-10-11T02:30:00.000Z,,,,
CFBV2B_2026_401871067,CFB_V2_CANDIDATE_B,2026-10-06T22:53:40.185935+00:00,401871067,2026,7,2026-10-13 23:00:00+00:00,Delaware,Middle Tennessee,Delaware,0.437107906280107,0.562892093719893,0.4337314298026788,0.4433785054524736,False,PREGAME_SHADOW,43363558b09e708bd7e9131c87250dc65a67faf770bdcb3627e9b4ac8a9dd1c6,2026-10-06T14:09:17.366248+00:00,,,False,2026-10-13T23:00:00.000Z,,,,
CFBV2B_2026_401871053,CFB_V2_CANDIDATE_B,2026-10-06T22:53:40.185935+00:00,401871053,2026,7,2026-10-14 00:00:00+00:00,Florida International,Jacksonville State,Jacksonville State,0.7284213854458598,0.7284213854458598,0.7479443267059764,0.6921644945342147,False,PREGAME_SHADOW,43363558b09e708bd7e9131c87250dc65a67faf770bdcb3627e9b4ac8a9dd1c6,2026-10-06T14:09:17.366248+00:00,,,False,2026-10-14T00:00:00.000Z,,,,
CFBV2B_2026_401871054,CFB_V2_CANDIDATE_B,2026-10-07T09:10:35.312779+00:00,401871054,2026,7,2026-10-14 23:30:00+00:00,Kennesaw State,Missouri State,Missouri State,0.6409401292092239,0.6409401292092239,0.6490468043430629,0.6258848753892373,False,PREGAME_SHADOW,43363558b09e708bd7e9131c87250dc65a67faf770bdcb3627e9b4ac8a9dd1c6,2026-10-06T14:09:17.366248+00:00,,,,2026-10-14T23:30:00.000Z,,,,
CFBV2B_2026_401871068,CFB_V2_CANDIDATE_B,2026-10-07T09:10:35.312779+00:00,401871068,2026,7,2026-10-15 00:00:00+00:00,Western Kentucky,Sam Houston State,Sam Houston State,0.5208998199470384,0.5208998199470384,0.5203398361684943,0.5219397898214773,False,PREGAME_SHADOW,43363558b09e708bd7e9131c87250dc65a67faf770bdcb3627e9b4ac8a9dd1c6,2026-10-06T14:09:17.366248+00:00,,,,2026-10-15T00:00:00.000Z,,,,
