game_id,away_team,home_team,v3_pick,v3_confidence,v4_pick,v4_core_confidence,v4_adjusted_confidence,explosive_extreme,turnover_risk_flag,early_down_risk_flag,prediction_status,qb_status_flag,captured_at_utc,snapshot_id,prediction_id,actual_home_score,actual_away_score,settlement_status,scored_at_utc
2026_05_TB_DAL,TB,DAL,DAL,0.697235948760207,DAL,0.7031374142251539,0.7031374142251539,False,False,False,EARLY_LOCK,,2026-10-06T01:29:22.467309+00:00,BPV4_W5_EARLY_20261006T012922Z,BPV4_W5_EARLY_20261006T012922Z:2026_05_TB_DAL,16.0,24.0,final,2026-10-09T03:32:01.373920+00:00
2026_05_PHI_JAX,PHI,JAX,JAX,0.7314032594607202,JAX,0.7221503229996848,0.7221503229996848,False,False,False,EARLY_LOCK,,2026-10-06T01:29:22.467309+00:00,BPV4_W5_EARLY_20261006T012922Z,BPV4_W5_EARLY_20261006T012922Z:2026_05_PHI_JAX,,,pending,
2026_05_CHI_GB,CHI,GB,CHI,0.6477844755221109,CHI,0.6343195755465904,0.6343195755465904,False,False,False,EARLY_LOCK,,2026-10-06T01:29:22.467309+00:00,BPV4_W5_EARLY_20261006T012922Z,BPV4_W5_EARLY_20261006T012922Z:2026_05_CHI_GB,,,pending,
2026_05_CIN_MIA,CIN,MIA,CIN,0.6821575016433264,CIN,0.681937909012762,0.681937909012762,False,False,False,EARLY_LOCK,,2026-10-06T01:29:22.467309+00:00,BPV4_W5_EARLY_20261006T012922Z,BPV4_W5_EARLY_20261006T012922Z:2026_05_CIN_MIA,,,pending,
2026_05_LV_NE,LV,NE,NE,0.5999918588244184,NE,0.5976923732576875,0.5683846612803812,False,True,False,EARLY_LOCK,,2026-10-06T01:29:22.467309+00:00,BPV4_W5_EARLY_20261006T012922Z,BPV4_W5_EARLY_20261006T012922Z:2026_05_LV_NE,,,pending,
2026_05_MIN_NO,MIN,NO,NO,0.5128931803429506,NO,0.5098677688040932,0.5069074381628652,False,True,False,PROVISIONAL_REFRESH_AFTER_MNF,,2026-10-06T01:29:22.467309+00:00,BPV4_W5_EARLY_20261006T012922Z,BPV4_W5_EARLY_20261006T012922Z:2026_05_MIN_NO,,,pending,
2026_05_CLE_NYJ,CLE,NYJ,CLE,0.5328330961732235,CLE,0.5304628514685349,0.5182922092020488,True,False,False,EARLY_LOCK,,2026-10-06T01:29:22.467309+00:00,BPV4_W5_EARLY_20261006T012922Z,BPV4_W5_EARLY_20261006T012922Z:2026_05_CLE_NYJ,,,pending,
2026_05_IND_PIT,IND,PIT,PIT,0.5734783181088623,PIT,0.575562813659146,0.575562813659146,False,False,False,EARLY_LOCK,,2026-10-06T01:29:22.467309+00:00,BPV4_W5_EARLY_20261006T012922Z,BPV4_W5_EARLY_20261006T012922Z:2026_05_IND_PIT,,,pending,
2026_05_HOU_TEN,HOU,TEN,HOU,0.6067476107343739,HOU,0.6063025465058234,0.6063025465058234,False,False,False,EARLY_LOCK,,2026-10-06T01:29:22.467309+00:00,BPV4_W5_EARLY_20261006T012922Z,BPV4_W5_EARLY_20261006T012922Z:2026_05_HOU_TEN,,,pending,
2026_05_NYG_WAS,NYG,WAS,NYG,0.5403029168685471,NYG,0.5376492399590291,0.5376492399590291,False,False,False,EARLY_LOCK,Jayden Daniels assumed starter; expected but not final,2026-10-06T01:29:22.467309+00:00,BPV4_W5_EARLY_20261006T012922Z,BPV4_W5_EARLY_20261006T012922Z:2026_05_NYG_WAS,,,pending,
2026_05_DEN_LAC,DEN,LAC,DEN,0.5725264923879503,DEN,0.5656916271943164,0.5656916271943164,False,False,False,EARLY_LOCK,,2026-10-06T01:29:22.467309+00:00,BPV4_W5_EARLY_20261006T012922Z,BPV4_W5_EARLY_20261006T012922Z:2026_05_DEN_LAC,,,pending,
2026_05_DET_ARI,DET,ARI,DET,0.6487616685211037,DET,0.6437212465655513,0.6437212465655513,False,False,False,EARLY_LOCK,,2026-10-06T01:29:22.467309+00:00,BPV4_W5_EARLY_20261006T012922Z,BPV4_W5_EARLY_20261006T012922Z:2026_05_DET_ARI,,,pending,
2026_05_SF_SEA,SF,SEA,SF,0.5975960278054715,SF,0.636535722157652,0.6620473816999239,True,False,False,EARLY_LOCK,,2026-10-06T01:29:22.467309+00:00,BPV4_W5_EARLY_20261006T012922Z,BPV4_W5_EARLY_20261006T012922Z:2026_05_SF_SEA,,,pending,
2026_05_BAL_ATL,BAL,ATL,BAL,0.5546213636511046,BAL,0.5523920405118353,0.5523920405118352,False,False,False,PROVISIONAL_REFRESH_AFTER_MNF_QB,Lamar Jackson assumed starter; status uncertain,2026-10-06T01:29:22.467309+00:00,BPV4_W5_EARLY_20261006T012922Z,BPV4_W5_EARLY_20261006T012922Z:2026_05_BAL_ATL,,,pending,
2026_05_BUF_LA,BUF,LA,BUF,0.5237464548077455,BUF,0.5203733895328906,0.5203733895328906,False,False,False,EARLY_LOCK,,2026-10-06T01:29:22.467309+00:00,BPV4_W5_EARLY_20261006T012922Z,BPV4_W5_EARLY_20261006T012922Z:2026_05_BUF_LA,,,pending,
2026_05_TB_DAL,TB,DAL,DAL,0.697235948760207,DAL,0.7031374142251539,0.7031374142251539,False,False,False,EARLY_LOCK,,2026-10-06T02:32:13.829263+00:00,20261006T023213Z,20261006T023213Z:2026_05_TB_DAL,16.0,24.0,final,2026-10-09T03:32:01.373920+00:00
2026_05_PHI_JAX,PHI,JAX,JAX,0.7314032594607203,JAX,0.722150322999685,0.722150322999685,False,False,False,EARLY_LOCK,,2026-10-06T02:32:13.829263+00:00,20261006T023213Z,20261006T023213Z:2026_05_PHI_JAX,,,pending,
2026_05_CHI_GB,CHI,GB,CHI,0.6477844755221109,CHI,0.6343195755465904,0.6343195755465904,False,False,False,EARLY_LOCK,,2026-10-06T02:32:13.829263+00:00,20261006T023213Z,20261006T023213Z:2026_05_CHI_GB,,,pending,
2026_05_CIN_MIA,CIN,MIA,CIN,0.6821575016433266,CIN,0.681937909012762,0.681937909012762,False,False,False,EARLY_LOCK,,2026-10-06T02:32:13.829263+00:00,20261006T023213Z,20261006T023213Z:2026_05_CIN_MIA,,,pending,
2026_05_CLE_NYJ,CLE,NYJ,CLE,0.5328330961732235,CLE,0.530462851468535,0.5182922092020488,True,False,False,EARLY_LOCK,,2026-10-06T02:32:13.829263+00:00,20261006T023213Z,20261006T023213Z:2026_05_CLE_NYJ,,,pending,
2026_05_HOU_TEN,HOU,TEN,HOU,0.606747610734374,HOU,0.6063025465058235,0.6063025465058234,False,False,False,EARLY_LOCK,,2026-10-06T02:32:13.829263+00:00,20261006T023213Z,20261006T023213Z:2026_05_HOU_TEN,,,pending,
2026_05_IND_PIT,IND,PIT,PIT,0.5734783181088623,PIT,0.575562813659146,0.575562813659146,False,False,False,EARLY_LOCK,,2026-10-06T02:32:13.829263+00:00,20261006T023213Z,20261006T023213Z:2026_05_IND_PIT,,,pending,
2026_05_LV_NE,LV,NE,NE,0.5999918588244184,NE,0.5976923732576875,0.5683846612803812,False,True,False,EARLY_LOCK,,2026-10-06T02:32:13.829263+00:00,20261006T023213Z,20261006T023213Z:2026_05_LV_NE,,,pending,
2026_05_MIN_NO,MIN,NO,NO,0.5128931803429507,NO,0.5098677688040933,0.5069074381628653,False,True,False,PROVISIONAL_REFRESH_AFTER_PENDING_GAME,,2026-10-06T02:32:13.829263+00:00,20261006T023213Z,20261006T023213Z:2026_05_MIN_NO,,,pending,
2026_05_NYG_WAS,NYG,WAS,NYG,0.5403029168685474,NYG,0.5376492399590294,0.5376492399590294,False,False,False,EARLY_LOCK,Jayden Daniels assumed starter; expected but not final,2026-10-06T02:32:13.829263+00:00,20261006T023213Z,20261006T023213Z:2026_05_NYG_WAS,,,pending,
2026_05_DEN_LAC,DEN,LAC,DEN,0.5725264923879503,DEN,0.5656916271943164,0.5656916271943164,False,False,False,EARLY_LOCK,,2026-10-06T02:32:13.829263+00:00,20261006T023213Z,20261006T023213Z:2026_05_DEN_LAC,,,pending,
2026_05_DET_ARI,DET,ARI,DET,0.6487616685211037,DET,0.6437212465655513,0.6437212465655513,False,False,False,EARLY_LOCK,,2026-10-06T02:32:13.829263+00:00,20261006T023213Z,20261006T023213Z:2026_05_DET_ARI,,,pending,
2026_05_SF_SEA,SF,SEA,SF,0.5975960278054716,SF,0.6365357221576521,0.6620473816999242,True,False,False,EARLY_LOCK,,2026-10-06T02:32:13.829263+00:00,20261006T023213Z,20261006T023213Z:2026_05_SF_SEA,,,pending,
2026_05_BAL_ATL,BAL,ATL,BAL,0.5546213636511046,BAL,0.5523920405118353,0.5523920405118352,False,False,False,PROVISIONAL_REFRESH_AFTER_PENDING_GAME,Lamar Jackson assumed starter; status uncertain,2026-10-06T02:32:13.829263+00:00,20261006T023213Z,20261006T023213Z:2026_05_BAL_ATL,,,pending,
2026_05_BUF_LA,BUF,LA,BUF,0.5237464548077455,BUF,0.5203733895328905,0.5203733895328905,False,False,False,EARLY_LOCK,,2026-10-06T02:32:13.829263+00:00,20261006T023213Z,20261006T023213Z:2026_05_BUF_LA,,,pending,
2026_05_TB_DAL,TB,DAL,DAL,0.697235948760207,DAL,0.7031374142251539,0.7031374142251539,False,False,False,EARLY_LOCK,,2026-10-06T02:32:56.578836+00:00,20261006T023256Z,20261006T023256Z:2026_05_TB_DAL,16.0,24.0,final,2026-10-09T03:32:01.373920+00:00
2026_05_PHI_JAX,PHI,JAX,JAX,0.7314032594607203,JAX,0.722150322999685,0.722150322999685,False,False,False,EARLY_LOCK,,2026-10-06T02:32:56.578836+00:00,20261006T023256Z,20261006T023256Z:2026_05_PHI_JAX,,,pending,
2026_05_CHI_GB,CHI,GB,CHI,0.6477844755221109,CHI,0.6343195755465904,0.6343195755465904,False,False,False,EARLY_LOCK,,2026-10-06T02:32:56.578836+00:00,20261006T023256Z,20261006T023256Z:2026_05_CHI_GB,,,pending,
2026_05_CIN_MIA,CIN,MIA,CIN,0.6821575016433266,CIN,0.681937909012762,0.681937909012762,False,False,False,EARLY_LOCK,,2026-10-06T02:32:56.578836+00:00,20261006T023256Z,20261006T023256Z:2026_05_CIN_MIA,,,pending,
2026_05_CLE_NYJ,CLE,NYJ,CLE,0.5328330961732235,CLE,0.530462851468535,0.5182922092020488,True,False,False,EARLY_LOCK,,2026-10-06T02:32:56.578836+00:00,20261006T023256Z,20261006T023256Z:2026_05_CLE_NYJ,,,pending,
2026_05_HOU_TEN,HOU,TEN,HOU,0.606747610734374,HOU,0.6063025465058235,0.6063025465058234,False,False,False,EARLY_LOCK,,2026-10-06T02:32:56.578836+00:00,20261006T023256Z,20261006T023256Z:2026_05_HOU_TEN,,,pending,
2026_05_IND_PIT,IND,PIT,PIT,0.5734783181088623,PIT,0.575562813659146,0.575562813659146,False,False,False,EARLY_LOCK,,2026-10-06T02:32:56.578836+00:00,20261006T023256Z,20261006T023256Z:2026_05_IND_PIT,,,pending,
2026_05_LV_NE,LV,NE,NE,0.5999918588244184,NE,0.5976923732576875,0.5683846612803812,False,True,False,EARLY_LOCK,,2026-10-06T02:32:56.578836+00:00,20261006T023256Z,20261006T023256Z:2026_05_LV_NE,,,pending,
2026_05_MIN_NO,MIN,NO,NO,0.5128931803429507,NO,0.5098677688040933,0.5069074381628653,False,True,False,PROVISIONAL_REFRESH_AFTER_PENDING_GAME,,2026-10-06T02:32:56.578836+00:00,20261006T023256Z,20261006T023256Z:2026_05_MIN_NO,,,pending,
2026_05_NYG_WAS,NYG,WAS,NYG,0.5403029168685474,NYG,0.5376492399590294,0.5376492399590294,False,False,False,EARLY_LOCK,Jayden Daniels assumed starter; expected but not final,2026-10-06T02:32:56.578836+00:00,20261006T023256Z,20261006T023256Z:2026_05_NYG_WAS,,,pending,
2026_05_DEN_LAC,DEN,LAC,DEN,0.5725264923879503,DEN,0.5656916271943164,0.5656916271943164,False,False,False,EARLY_LOCK,,2026-10-06T02:32:56.578836+00:00,20261006T023256Z,20261006T023256Z:2026_05_DEN_LAC,,,pending,
2026_05_DET_ARI,DET,ARI,DET,0.6487616685211037,DET,0.6437212465655513,0.6437212465655513,False,False,False,EARLY_LOCK,,2026-10-06T02:32:56.578836+00:00,20261006T023256Z,20261006T023256Z:2026_05_DET_ARI,,,pending,
2026_05_SF_SEA,SF,SEA,SF,0.5975960278054716,SF,0.6365357221576521,0.6620473816999242,True,False,False,EARLY_LOCK,,2026-10-06T02:32:56.578836+00:00,20261006T023256Z,20261006T023256Z:2026_05_SF_SEA,,,pending,
2026_05_BAL_ATL,BAL,ATL,BAL,0.5546213636511046,BAL,0.5523920405118353,0.5523920405118352,False,False,False,PROVISIONAL_REFRESH_AFTER_PENDING_GAME,Lamar Jackson assumed starter; status uncertain,2026-10-06T02:32:56.578836+00:00,20261006T023256Z,20261006T023256Z:2026_05_BAL_ATL,,,pending,
2026_05_BUF_LA,BUF,LA,BUF,0.5237464548077455,BUF,0.5203733895328905,0.5203733895328905,False,False,False,EARLY_LOCK,,2026-10-06T02:32:56.578836+00:00,20261006T023256Z,20261006T023256Z:2026_05_BUF_LA,,,pending,
2026_05_TB_DAL,TB,DAL,DAL,0.697235948760207,DAL,0.7031374142251539,0.7031374142251539,False,False,False,EARLY_LOCK,,2026-10-06T02:41:39.458334+00:00,20261006T024139Z,20261006T024139Z:2026_05_TB_DAL,16.0,24.0,final,2026-10-09T03:32:01.373920+00:00
2026_05_PHI_JAX,PHI,JAX,JAX,0.7314032594607203,JAX,0.722150322999685,0.722150322999685,False,False,False,EARLY_LOCK,,2026-10-06T02:41:39.458334+00:00,20261006T024139Z,20261006T024139Z:2026_05_PHI_JAX,,,pending,
2026_05_CHI_GB,CHI,GB,CHI,0.6477844755221109,CHI,0.6343195755465904,0.6343195755465904,False,False,False,EARLY_LOCK,,2026-10-06T02:41:39.458334+00:00,20261006T024139Z,20261006T024139Z:2026_05_CHI_GB,,,pending,
2026_05_CIN_MIA,CIN,MIA,CIN,0.6821575016433266,CIN,0.681937909012762,0.681937909012762,False,False,False,EARLY_LOCK,,2026-10-06T02:41:39.458334+00:00,20261006T024139Z,20261006T024139Z:2026_05_CIN_MIA,,,pending,
2026_05_CLE_NYJ,CLE,NYJ,CLE,0.5328330961732235,CLE,0.530462851468535,0.5182922092020488,True,False,False,EARLY_LOCK,,2026-10-06T02:41:39.458334+00:00,20261006T024139Z,20261006T024139Z:2026_05_CLE_NYJ,,,pending,
2026_05_HOU_TEN,HOU,TEN,HOU,0.606747610734374,HOU,0.6063025465058235,0.6063025465058234,False,False,False,EARLY_LOCK,,2026-10-06T02:41:39.458334+00:00,20261006T024139Z,20261006T024139Z:2026_05_HOU_TEN,,,pending,
2026_05_IND_PIT,IND,PIT,PIT,0.5734783181088623,PIT,0.575562813659146,0.575562813659146,False,False,False,EARLY_LOCK,,2026-10-06T02:41:39.458334+00:00,20261006T024139Z,20261006T024139Z:2026_05_IND_PIT,,,pending,
2026_05_LV_NE,LV,NE,NE,0.5999918588244184,NE,0.5976923732576875,0.5683846612803812,False,True,False,EARLY_LOCK,,2026-10-06T02:41:39.458334+00:00,20261006T024139Z,20261006T024139Z:2026_05_LV_NE,,,pending,
2026_05_MIN_NO,MIN,NO,NO,0.5128931803429507,NO,0.5098677688040933,0.5069074381628653,False,True,False,PROVISIONAL_REFRESH_AFTER_PENDING_GAME,,2026-10-06T02:41:39.458334+00:00,20261006T024139Z,20261006T024139Z:2026_05_MIN_NO,,,pending,
2026_05_NYG_WAS,NYG,WAS,NYG,0.5403029168685474,NYG,0.5376492399590294,0.5376492399590294,False,False,False,EARLY_LOCK,Jayden Daniels assumed starter; expected but not final,2026-10-06T02:41:39.458334+00:00,20261006T024139Z,20261006T024139Z:2026_05_NYG_WAS,,,pending,
2026_05_DEN_LAC,DEN,LAC,DEN,0.5725264923879503,DEN,0.5656916271943164,0.5656916271943164,False,False,False,EARLY_LOCK,,2026-10-06T02:41:39.458334+00:00,20261006T024139Z,20261006T024139Z:2026_05_DEN_LAC,,,pending,
2026_05_DET_ARI,DET,ARI,DET,0.6487616685211037,DET,0.6437212465655513,0.6437212465655513,False,False,False,EARLY_LOCK,,2026-10-06T02:41:39.458334+00:00,20261006T024139Z,20261006T024139Z:2026_05_DET_ARI,,,pending,
2026_05_SF_SEA,SF,SEA,SF,0.5975960278054716,SF,0.6365357221576521,0.6620473816999242,True,False,False,EARLY_LOCK,,2026-10-06T02:41:39.458334+00:00,20261006T024139Z,20261006T024139Z:2026_05_SF_SEA,,,pending,
2026_05_BAL_ATL,BAL,ATL,BAL,0.5546213636511046,BAL,0.5523920405118353,0.5523920405118352,False,False,False,PROVISIONAL_REFRESH_AFTER_PENDING_GAME,Lamar Jackson assumed starter; status uncertain,2026-10-06T02:41:39.458334+00:00,20261006T024139Z,20261006T024139Z:2026_05_BAL_ATL,,,pending,
2026_05_BUF_LA,BUF,LA,BUF,0.5237464548077455,BUF,0.5203733895328905,0.5203733895328905,False,False,False,EARLY_LOCK,,2026-10-06T02:41:39.458334+00:00,20261006T024139Z,20261006T024139Z:2026_05_BUF_LA,,,pending,
2026_05_TB_DAL,TB,DAL,DAL,0.697235948760207,DAL,0.7031374142251539,0.7031374142251539,False,False,False,EARLY_LOCK,,2026-10-06T03:37:55.002583+00:00,20261006T033755Z,20261006T033755Z:2026_05_TB_DAL,16.0,24.0,final,2026-10-09T03:32:01.373920+00:00
2026_05_PHI_JAX,PHI,JAX,JAX,0.7314032594607203,JAX,0.722150322999685,0.722150322999685,False,False,False,EARLY_LOCK,,2026-10-06T03:37:55.002583+00:00,20261006T033755Z,20261006T033755Z:2026_05_PHI_JAX,,,pending,
2026_05_CHI_GB,CHI,GB,CHI,0.6477844755221109,CHI,0.6343195755465904,0.6343195755465904,False,False,False,EARLY_LOCK,,2026-10-06T03:37:55.002583+00:00,20261006T033755Z,20261006T033755Z:2026_05_CHI_GB,,,pending,
2026_05_CIN_MIA,CIN,MIA,CIN,0.6821575016433266,CIN,0.681937909012762,0.681937909012762,False,False,False,EARLY_LOCK,,2026-10-06T03:37:55.002583+00:00,20261006T033755Z,20261006T033755Z:2026_05_CIN_MIA,,,pending,
2026_05_CLE_NYJ,CLE,NYJ,CLE,0.5328330961732235,CLE,0.530462851468535,0.5182922092020488,True,False,False,EARLY_LOCK,,2026-10-06T03:37:55.002583+00:00,20261006T033755Z,20261006T033755Z:2026_05_CLE_NYJ,,,pending,
2026_05_HOU_TEN,HOU,TEN,HOU,0.606747610734374,HOU,0.6063025465058235,0.6063025465058234,False,False,False,EARLY_LOCK,,2026-10-06T03:37:55.002583+00:00,20261006T033755Z,20261006T033755Z:2026_05_HOU_TEN,,,pending,
2026_05_IND_PIT,IND,PIT,PIT,0.5734783181088623,PIT,0.575562813659146,0.575562813659146,False,False,False,EARLY_LOCK,,2026-10-06T03:37:55.002583+00:00,20261006T033755Z,20261006T033755Z:2026_05_IND_PIT,,,pending,
2026_05_LV_NE,LV,NE,NE,0.5999918588244184,NE,0.5976923732576875,0.5683846612803812,False,True,False,EARLY_LOCK,,2026-10-06T03:37:55.002583+00:00,20261006T033755Z,20261006T033755Z:2026_05_LV_NE,,,pending,
2026_05_MIN_NO,MIN,NO,NO,0.5128931803429507,NO,0.5098677688040933,0.5069074381628653,False,True,False,PROVISIONAL_REFRESH_AFTER_PENDING_GAME,,2026-10-06T03:37:55.002583+00:00,20261006T033755Z,20261006T033755Z:2026_05_MIN_NO,,,pending,
2026_05_NYG_WAS,NYG,WAS,NYG,0.5403029168685474,NYG,0.5376492399590294,0.5376492399590294,False,False,False,EARLY_LOCK,Jayden Daniels assumed starter; expected but not final,2026-10-06T03:37:55.002583+00:00,20261006T033755Z,20261006T033755Z:2026_05_NYG_WAS,,,pending,
2026_05_DEN_LAC,DEN,LAC,DEN,0.5725264923879503,DEN,0.5656916271943164,0.5656916271943164,False,False,False,EARLY_LOCK,,2026-10-06T03:37:55.002583+00:00,20261006T033755Z,20261006T033755Z:2026_05_DEN_LAC,,,pending,
2026_05_DET_ARI,DET,ARI,DET,0.6487616685211037,DET,0.6437212465655513,0.6437212465655513,False,False,False,EARLY_LOCK,,2026-10-06T03:37:55.002583+00:00,20261006T033755Z,20261006T033755Z:2026_05_DET_ARI,,,pending,
2026_05_SF_SEA,SF,SEA,SF,0.5975960278054716,SF,0.6365357221576521,0.6620473816999242,True,False,False,EARLY_LOCK,,2026-10-06T03:37:55.002583+00:00,20261006T033755Z,20261006T033755Z:2026_05_SF_SEA,,,pending,
2026_05_BAL_ATL,BAL,ATL,BAL,0.5546213636511046,BAL,0.5523920405118353,0.5523920405118352,False,False,False,PROVISIONAL_REFRESH_AFTER_PENDING_GAME,Lamar Jackson assumed starter; status uncertain,2026-10-06T03:37:55.002583+00:00,20261006T033755Z,20261006T033755Z:2026_05_BAL_ATL,,,pending,
2026_05_BUF_LA,BUF,LA,BUF,0.5237464548077455,BUF,0.5203733895328905,0.5203733895328905,False,False,False,EARLY_LOCK,,2026-10-06T03:37:55.002583+00:00,20261006T033755Z,20261006T033755Z:2026_05_BUF_LA,,,pending,
2026_05_TB_DAL,TB,DAL,DAL,0.697235948760207,DAL,0.7031374142251539,0.7031374142251539,False,False,False,EARLY_LOCK,,2026-10-06T03:57:17.543046+00:00,20261006T035717Z,20261006T035717Z:2026_05_TB_DAL,16.0,24.0,final,2026-10-09T03:32:01.373920+00:00
2026_05_PHI_JAX,PHI,JAX,JAX,0.7314032594607203,JAX,0.722150322999685,0.722150322999685,False,False,False,EARLY_LOCK,,2026-10-06T03:57:17.543046+00:00,20261006T035717Z,20261006T035717Z:2026_05_PHI_JAX,,,pending,
2026_05_CHI_GB,CHI,GB,CHI,0.6477844755221109,CHI,0.6343195755465904,0.6343195755465904,False,False,False,EARLY_LOCK,,2026-10-06T03:57:17.543046+00:00,20261006T035717Z,20261006T035717Z:2026_05_CHI_GB,,,pending,
2026_05_CIN_MIA,CIN,MIA,CIN,0.6821575016433266,CIN,0.681937909012762,0.681937909012762,False,False,False,EARLY_LOCK,,2026-10-06T03:57:17.543046+00:00,20261006T035717Z,20261006T035717Z:2026_05_CIN_MIA,,,pending,
2026_05_CLE_NYJ,CLE,NYJ,CLE,0.5328330961732235,CLE,0.530462851468535,0.5182922092020488,True,False,False,EARLY_LOCK,,2026-10-06T03:57:17.543046+00:00,20261006T035717Z,20261006T035717Z:2026_05_CLE_NYJ,,,pending,
2026_05_HOU_TEN,HOU,TEN,HOU,0.606747610734374,HOU,0.6063025465058235,0.6063025465058234,False,False,False,EARLY_LOCK,,2026-10-06T03:57:17.543046+00:00,20261006T035717Z,20261006T035717Z:2026_05_HOU_TEN,,,pending,
2026_05_IND_PIT,IND,PIT,PIT,0.5734783181088623,PIT,0.575562813659146,0.575562813659146,False,False,False,EARLY_LOCK,,2026-10-06T03:57:17.543046+00:00,20261006T035717Z,20261006T035717Z:2026_05_IND_PIT,,,pending,
2026_05_LV_NE,LV,NE,NE,0.5999918588244184,NE,0.5976923732576875,0.5683846612803812,False,True,False,EARLY_LOCK,,2026-10-06T03:57:17.543046+00:00,20261006T035717Z,20261006T035717Z:2026_05_LV_NE,,,pending,
2026_05_MIN_NO,MIN,NO,NO,0.5013276512394956,MIN,0.5012540233401768,0.5008778163381238,False,False,True,EARLY_LOCK,,2026-10-06T03:57:17.543046+00:00,20261006T035717Z,20261006T035717Z:2026_05_MIN_NO,,,pending,
2026_05_NYG_WAS,NYG,WAS,NYG,0.5403029168685474,NYG,0.5376492399590294,0.5376492399590294,False,False,False,EARLY_LOCK,Jayden Daniels assumed starter; expected but not final,2026-10-06T03:57:17.543046+00:00,20261006T035717Z,20261006T035717Z:2026_05_NYG_WAS,,,pending,
2026_05_DEN_LAC,DEN,LAC,DEN,0.5725264923879503,DEN,0.5656916271943164,0.5656916271943164,False,False,False,EARLY_LOCK,,2026-10-06T03:57:17.543046+00:00,20261006T035717Z,20261006T035717Z:2026_05_DEN_LAC,,,pending,
2026_05_DET_ARI,DET,ARI,DET,0.6487616685211037,DET,0.6437212465655513,0.6437212465655513,False,False,False,EARLY_LOCK,,2026-10-06T03:57:17.543046+00:00,20261006T035717Z,20261006T035717Z:2026_05_DET_ARI,,,pending,
2026_05_SF_SEA,SF,SEA,SF,0.5975960278054716,SF,0.6365357221576521,0.6620473816999242,True,False,False,EARLY_LOCK,,2026-10-06T03:57:17.543046+00:00,20261006T035717Z,20261006T035717Z:2026_05_SF_SEA,,,pending,
2026_05_BAL_ATL,BAL,ATL,BAL,0.5431641214770968,BAL,0.5413606764267778,0.5413606764267778,False,False,False,EARLY_LOCK,Lamar Jackson assumed starter; status uncertain,2026-10-06T03:57:17.543046+00:00,20261006T035717Z,20261006T035717Z:2026_05_BAL_ATL,,,pending,
2026_05_BUF_LA,BUF,LA,BUF,0.5237464548077455,BUF,0.5203733895328905,0.5203733895328905,False,False,False,EARLY_LOCK,,2026-10-06T03:57:17.543046+00:00,20261006T035717Z,20261006T035717Z:2026_05_BUF_LA,,,pending,
2026_05_TB_DAL,TB,DAL,DAL,0.697235948760207,DAL,0.7031374142251539,0.7031374142251539,False,False,False,EARLY_LOCK,,2026-10-06T13:37:03.800994+00:00,20261006T133703Z,20261006T133703Z:2026_05_TB_DAL,16.0,24.0,final,2026-10-09T03:32:01.373920+00:00
2026_05_PHI_JAX,PHI,JAX,JAX,0.7314032594607203,JAX,0.722150322999685,0.722150322999685,False,False,False,EARLY_LOCK,,2026-10-06T13:37:03.800994+00:00,20261006T133703Z,20261006T133703Z:2026_05_PHI_JAX,,,pending,
2026_05_CHI_GB,CHI,GB,CHI,0.6477844755221109,CHI,0.6343195755465904,0.6343195755465904,False,False,False,EARLY_LOCK,,2026-10-06T13:37:03.800994+00:00,20261006T133703Z,20261006T133703Z:2026_05_CHI_GB,,,pending,
2026_05_CIN_MIA,CIN,MIA,CIN,0.6821575016433266,CIN,0.681937909012762,0.681937909012762,False,False,False,EARLY_LOCK,,2026-10-06T13:37:03.800994+00:00,20261006T133703Z,20261006T133703Z:2026_05_CIN_MIA,,,pending,
2026_05_CLE_NYJ,CLE,NYJ,CLE,0.5328330961732235,CLE,0.530462851468535,0.5182922092020488,True,False,False,EARLY_LOCK,,2026-10-06T13:37:03.800994+00:00,20261006T133703Z,20261006T133703Z:2026_05_CLE_NYJ,,,pending,
2026_05_HOU_TEN,HOU,TEN,HOU,0.606747610734374,HOU,0.6063025465058235,0.6063025465058234,False,False,False,EARLY_LOCK,,2026-10-06T13:37:03.800994+00:00,20261006T133703Z,20261006T133703Z:2026_05_HOU_TEN,,,pending,
2026_05_IND_PIT,IND,PIT,PIT,0.5734783181088623,PIT,0.575562813659146,0.575562813659146,False,False,False,EARLY_LOCK,,2026-10-06T13:37:03.800994+00:00,20261006T133703Z,20261006T133703Z:2026_05_IND_PIT,,,pending,
2026_05_LV_NE,LV,NE,NE,0.5999918588244184,NE,0.5976923732576875,0.5683846612803812,False,True,False,EARLY_LOCK,,2026-10-06T13:37:03.800994+00:00,20261006T133703Z,20261006T133703Z:2026_05_LV_NE,,,pending,
2026_05_MIN_NO,MIN,NO,MIN,0.5798253126759103,MIN,0.5821415202369642,0.557499064165875,False,False,True,EARLY_LOCK,,2026-10-06T13:37:03.800994+00:00,20261006T133703Z,20261006T133703Z:2026_05_MIN_NO,,,pending,
2026_05_NYG_WAS,NYG,WAS,NYG,0.5403029168685474,NYG,0.5376492399590294,0.5376492399590294,False,False,False,EARLY_LOCK,Jayden Daniels assumed starter; expected but not final,2026-10-06T13:37:03.800994+00:00,20261006T133703Z,20261006T133703Z:2026_05_NYG_WAS,,,pending,
2026_05_DEN_LAC,DEN,LAC,DEN,0.5725264923879503,DEN,0.5656916271943164,0.5656916271943164,False,False,False,EARLY_LOCK,,2026-10-06T13:37:03.800994+00:00,20261006T133703Z,20261006T133703Z:2026_05_DEN_LAC,,,pending,
2026_05_DET_ARI,DET,ARI,DET,0.6487616685211037,DET,0.6437212465655513,0.6437212465655513,False,False,False,EARLY_LOCK,,2026-10-06T13:37:03.800994+00:00,20261006T133703Z,20261006T133703Z:2026_05_DET_ARI,,,pending,
2026_05_SF_SEA,SF,SEA,SF,0.5975960278054716,SF,0.6365357221576521,0.6620473816999242,True,False,False,EARLY_LOCK,,2026-10-06T13:37:03.800994+00:00,20261006T133703Z,20261006T133703Z:2026_05_SF_SEA,,,pending,
2026_05_BAL_ATL,BAL,ATL,BAL,0.5338608612247691,BAL,0.5353341673260135,0.5353341673260135,False,False,False,EARLY_LOCK,Lamar Jackson assumed starter; status uncertain,2026-10-06T13:37:03.800994+00:00,20261006T133703Z,20261006T133703Z:2026_05_BAL_ATL,,,pending,
2026_05_BUF_LA,BUF,LA,BUF,0.5237464548077455,BUF,0.5203733895328905,0.5203733895328905,False,False,False,EARLY_LOCK,,2026-10-06T13:37:03.800994+00:00,20261006T133703Z,20261006T133703Z:2026_05_BUF_LA,,,pending,
2026_05_TB_DAL,TB,DAL,DAL,0.697235948760207,DAL,0.7031374142251539,0.7031374142251539,False,False,False,EARLY_LOCK,,2026-10-06T14:06:15.498278+00:00,20261006T140615Z,20261006T140615Z:2026_05_TB_DAL,16.0,24.0,final,2026-10-09T03:32:01.373920+00:00
2026_05_PHI_JAX,PHI,JAX,JAX,0.7314032594607203,JAX,0.722150322999685,0.722150322999685,False,False,False,EARLY_LOCK,,2026-10-06T14:06:15.498278+00:00,20261006T140615Z,20261006T140615Z:2026_05_PHI_JAX,,,pending,
2026_05_CHI_GB,CHI,GB,CHI,0.6477844755221109,CHI,0.6343195755465904,0.6343195755465904,False,False,False,EARLY_LOCK,,2026-10-06T14:06:15.498278+00:00,20261006T140615Z,20261006T140615Z:2026_05_CHI_GB,,,pending,
2026_05_CIN_MIA,CIN,MIA,CIN,0.6821575016433266,CIN,0.681937909012762,0.681937909012762,False,False,False,EARLY_LOCK,,2026-10-06T14:06:15.498278+00:00,20261006T140615Z,20261006T140615Z:2026_05_CIN_MIA,,,pending,
2026_05_CLE_NYJ,CLE,NYJ,CLE,0.5328330961732235,CLE,0.530462851468535,0.5182922092020488,True,False,False,EARLY_LOCK,,2026-10-06T14:06:15.498278+00:00,20261006T140615Z,20261006T140615Z:2026_05_CLE_NYJ,,,pending,
2026_05_HOU_TEN,HOU,TEN,HOU,0.606747610734374,HOU,0.6063025465058235,0.6063025465058234,False,False,False,EARLY_LOCK,,2026-10-06T14:06:15.498278+00:00,20261006T140615Z,20261006T140615Z:2026_05_HOU_TEN,,,pending,
2026_05_IND_PIT,IND,PIT,PIT,0.5734783181088623,PIT,0.575562813659146,0.575562813659146,False,False,False,EARLY_LOCK,,2026-10-06T14:06:15.498278+00:00,20261006T140615Z,20261006T140615Z:2026_05_IND_PIT,,,pending,
2026_05_LV_NE,LV,NE,NE,0.5999918588244184,NE,0.5976923732576875,0.5683846612803812,False,True,False,EARLY_LOCK,,2026-10-06T14:06:15.498278+00:00,20261006T140615Z,20261006T140615Z:2026_05_LV_NE,,,pending,
2026_05_MIN_NO,MIN,NO,MIN,0.5798253126759103,MIN,0.5821415202369642,0.557499064165875,False,False,True,EARLY_LOCK,,2026-10-06T14:06:15.498278+00:00,20261006T140615Z,20261006T140615Z:2026_05_MIN_NO,,,pending,
2026_05_NYG_WAS,NYG,WAS,NYG,0.5403029168685474,NYG,0.5376492399590294,0.5376492399590294,False,False,False,EARLY_LOCK,Jayden Daniels assumed starter; expected but not final,2026-10-06T14:06:15.498278+00:00,20261006T140615Z,20261006T140615Z:2026_05_NYG_WAS,,,pending,
2026_05_DEN_LAC,DEN,LAC,DEN,0.5725264923879503,DEN,0.5656916271943164,0.5656916271943164,False,False,False,EARLY_LOCK,,2026-10-06T14:06:15.498278+00:00,20261006T140615Z,20261006T140615Z:2026_05_DEN_LAC,,,pending,
2026_05_DET_ARI,DET,ARI,DET,0.6487616685211037,DET,0.6437212465655513,0.6437212465655513,False,False,False,EARLY_LOCK,,2026-10-06T14:06:15.498278+00:00,20261006T140615Z,20261006T140615Z:2026_05_DET_ARI,,,pending,
2026_05_SF_SEA,SF,SEA,SF,0.5975960278054716,SF,0.6365357221576521,0.6620473816999242,True,False,False,EARLY_LOCK,,2026-10-06T14:06:15.498278+00:00,20261006T140615Z,20261006T140615Z:2026_05_SF_SEA,,,pending,
2026_05_BAL_ATL,BAL,ATL,BAL,0.5338608612247691,BAL,0.5353341673260135,0.5353341673260135,False,False,False,EARLY_LOCK,Lamar Jackson assumed starter; status uncertain,2026-10-06T14:06:15.498278+00:00,20261006T140615Z,20261006T140615Z:2026_05_BAL_ATL,,,pending,
2026_05_BUF_LA,BUF,LA,BUF,0.5237464548077455,BUF,0.5203733895328905,0.5203733895328905,False,False,False,EARLY_LOCK,,2026-10-06T14:06:15.498278+00:00,20261006T140615Z,20261006T140615Z:2026_05_BUF_LA,,,pending,
2026_05_TB_DAL,TB,DAL,DAL,0.697235948760207,DAL,0.7031374142251539,0.7031374142251539,False,False,False,EARLY_LOCK,,2026-10-06T14:07:40.474642+00:00,20261006T140740Z,20261006T140740Z:2026_05_TB_DAL,16.0,24.0,final,2026-10-09T03:32:01.373920+00:00
2026_05_PHI_JAX,PHI,JAX,JAX,0.7314032594607203,JAX,0.722150322999685,0.722150322999685,False,False,False,EARLY_LOCK,,2026-10-06T14:07:40.474642+00:00,20261006T140740Z,20261006T140740Z:2026_05_PHI_JAX,,,pending,
2026_05_CHI_GB,CHI,GB,CHI,0.6477844755221109,CHI,0.6343195755465904,0.6343195755465904,False,False,False,EARLY_LOCK,,2026-10-06T14:07:40.474642+00:00,20261006T140740Z,20261006T140740Z:2026_05_CHI_GB,,,pending,
2026_05_CIN_MIA,CIN,MIA,CIN,0.6821575016433266,CIN,0.681937909012762,0.681937909012762,False,False,False,EARLY_LOCK,,2026-10-06T14:07:40.474642+00:00,20261006T140740Z,20261006T140740Z:2026_05_CIN_MIA,,,pending,
2026_05_CLE_NYJ,CLE,NYJ,CLE,0.5328330961732235,CLE,0.530462851468535,0.5182922092020488,True,False,False,EARLY_LOCK,,2026-10-06T14:07:40.474642+00:00,20261006T140740Z,20261006T140740Z:2026_05_CLE_NYJ,,,pending,
2026_05_HOU_TEN,HOU,TEN,HOU,0.606747610734374,HOU,0.6063025465058235,0.6063025465058234,False,False,False,EARLY_LOCK,,2026-10-06T14:07:40.474642+00:00,20261006T140740Z,20261006T140740Z:2026_05_HOU_TEN,,,pending,
2026_05_IND_PIT,IND,PIT,PIT,0.5734783181088623,PIT,0.575562813659146,0.575562813659146,False,False,False,EARLY_LOCK,,2026-10-06T14:07:40.474642+00:00,20261006T140740Z,20261006T140740Z:2026_05_IND_PIT,,,pending,
2026_05_LV_NE,LV,NE,NE,0.5999918588244184,NE,0.5976923732576875,0.5683846612803812,False,True,False,EARLY_LOCK,,2026-10-06T14:07:40.474642+00:00,20261006T140740Z,20261006T140740Z:2026_05_LV_NE,,,pending,
2026_05_MIN_NO,MIN,NO,MIN,0.5798253126759103,MIN,0.5821415202369642,0.557499064165875,False,False,True,EARLY_LOCK,,2026-10-06T14:07:40.474642+00:00,20261006T140740Z,20261006T140740Z:2026_05_MIN_NO,,,pending,
2026_05_NYG_WAS,NYG,WAS,NYG,0.5403029168685474,NYG,0.5376492399590294,0.5376492399590294,False,False,False,EARLY_LOCK,Jayden Daniels assumed starter; expected but not final,2026-10-06T14:07:40.474642+00:00,20261006T140740Z,20261006T140740Z:2026_05_NYG_WAS,,,pending,
2026_05_DEN_LAC,DEN,LAC,DEN,0.5725264923879503,DEN,0.5656916271943164,0.5656916271943164,False,False,False,EARLY_LOCK,,2026-10-06T14:07:40.474642+00:00,20261006T140740Z,20261006T140740Z:2026_05_DEN_LAC,,,pending,
2026_05_DET_ARI,DET,ARI,DET,0.6487616685211037,DET,0.6437212465655513,0.6437212465655513,False,False,False,EARLY_LOCK,,2026-10-06T14:07:40.474642+00:00,20261006T140740Z,20261006T140740Z:2026_05_DET_ARI,,,pending,
2026_05_SF_SEA,SF,SEA,SF,0.5975960278054716,SF,0.6365357221576521,0.6620473816999242,True,False,False,EARLY_LOCK,,2026-10-06T14:07:40.474642+00:00,20261006T140740Z,20261006T140740Z:2026_05_SF_SEA,,,pending,
2026_05_BAL_ATL,BAL,ATL,BAL,0.5338608612247691,BAL,0.5353341673260135,0.5353341673260135,False,False,False,EARLY_LOCK,Lamar Jackson assumed starter; status uncertain,2026-10-06T14:07:40.474642+00:00,20261006T140740Z,20261006T140740Z:2026_05_BAL_ATL,,,pending,
2026_05_BUF_LA,BUF,LA,BUF,0.5237464548077455,BUF,0.5203733895328905,0.5203733895328905,False,False,False,EARLY_LOCK,,2026-10-06T14:07:40.474642+00:00,20261006T140740Z,20261006T140740Z:2026_05_BUF_LA,,,pending,
2026_05_TB_DAL,TB,DAL,DAL,0.697235948760207,DAL,0.7031374142251539,0.7031374142251539,False,False,False,EARLY_LOCK,,2026-10-06T14:09:16.013245+00:00,20261006T140916Z,20261006T140916Z:2026_05_TB_DAL,16.0,24.0,final,2026-10-09T03:32:01.373920+00:00
2026_05_PHI_JAX,PHI,JAX,JAX,0.7314032594607203,JAX,0.722150322999685,0.722150322999685,False,False,False,EARLY_LOCK,,2026-10-06T14:09:16.013245+00:00,20261006T140916Z,20261006T140916Z:2026_05_PHI_JAX,,,pending,
2026_05_CHI_GB,CHI,GB,CHI,0.6477844755221109,CHI,0.6343195755465904,0.6343195755465904,False,False,False,EARLY_LOCK,,2026-10-06T14:09:16.013245+00:00,20261006T140916Z,20261006T140916Z:2026_05_CHI_GB,,,pending,
2026_05_CIN_MIA,CIN,MIA,CIN,0.6821575016433266,CIN,0.681937909012762,0.681937909012762,False,False,False,EARLY_LOCK,,2026-10-06T14:09:16.013245+00:00,20261006T140916Z,20261006T140916Z:2026_05_CIN_MIA,,,pending,
2026_05_CLE_NYJ,CLE,NYJ,CLE,0.5328330961732235,CLE,0.530462851468535,0.5182922092020488,True,False,False,EARLY_LOCK,,2026-10-06T14:09:16.013245+00:00,20261006T140916Z,20261006T140916Z:2026_05_CLE_NYJ,,,pending,
2026_05_HOU_TEN,HOU,TEN,HOU,0.606747610734374,HOU,0.6063025465058235,0.6063025465058234,False,False,False,EARLY_LOCK,,2026-10-06T14:09:16.013245+00:00,20261006T140916Z,20261006T140916Z:2026_05_HOU_TEN,,,pending,
2026_05_IND_PIT,IND,PIT,PIT,0.5734783181088623,PIT,0.575562813659146,0.575562813659146,False,False,False,EARLY_LOCK,,2026-10-06T14:09:16.013245+00:00,20261006T140916Z,20261006T140916Z:2026_05_IND_PIT,,,pending,
2026_05_LV_NE,LV,NE,NE,0.5999918588244184,NE,0.5976923732576875,0.5683846612803812,False,True,False,EARLY_LOCK,,2026-10-06T14:09:16.013245+00:00,20261006T140916Z,20261006T140916Z:2026_05_LV_NE,,,pending,
2026_05_MIN_NO,MIN,NO,MIN,0.5798253126759103,MIN,0.5821415202369642,0.557499064165875,False,False,True,EARLY_LOCK,,2026-10-06T14:09:16.013245+00:00,20261006T140916Z,20261006T140916Z:2026_05_MIN_NO,,,pending,
2026_05_NYG_WAS,NYG,WAS,NYG,0.5403029168685474,NYG,0.5376492399590294,0.5376492399590294,False,False,False,EARLY_LOCK,Jayden Daniels assumed starter; expected but not final,2026-10-06T14:09:16.013245+00:00,20261006T140916Z,20261006T140916Z:2026_05_NYG_WAS,,,pending,
2026_05_DEN_LAC,DEN,LAC,DEN,0.5725264923879503,DEN,0.5656916271943164,0.5656916271943164,False,False,False,EARLY_LOCK,,2026-10-06T14:09:16.013245+00:00,20261006T140916Z,20261006T140916Z:2026_05_DEN_LAC,,,pending,
2026_05_DET_ARI,DET,ARI,DET,0.6487616685211037,DET,0.6437212465655513,0.6437212465655513,False,False,False,EARLY_LOCK,,2026-10-06T14:09:16.013245+00:00,20261006T140916Z,20261006T140916Z:2026_05_DET_ARI,,,pending,
2026_05_SF_SEA,SF,SEA,SF,0.5975960278054716,SF,0.6365357221576521,0.6620473816999242,True,False,False,EARLY_LOCK,,2026-10-06T14:09:16.013245+00:00,20261006T140916Z,20261006T140916Z:2026_05_SF_SEA,,,pending,
2026_05_BAL_ATL,BAL,ATL,BAL,0.5338608612247691,BAL,0.5353341673260135,0.5353341673260135,False,False,False,EARLY_LOCK,Lamar Jackson assumed starter; status uncertain,2026-10-06T14:09:16.013245+00:00,20261006T140916Z,20261006T140916Z:2026_05_BAL_ATL,,,pending,
2026_05_BUF_LA,BUF,LA,BUF,0.5237464548077455,BUF,0.5203733895328905,0.5203733895328905,False,False,False,EARLY_LOCK,,2026-10-06T14:09:16.013245+00:00,20261006T140916Z,20261006T140916Z:2026_05_BUF_LA,,,pending,
2026_05_TB_DAL,TB,DAL,DAL,0.697235948760207,DAL,0.7031374142251539,0.7031374142251539,False,False,False,EARLY_LOCK,,2026-10-06T22:32:23.059566+00:00,20261006T223223Z,20261006T223223Z:2026_05_TB_DAL,16.0,24.0,final,2026-10-09T03:32:01.373920+00:00
2026_05_PHI_JAX,PHI,JAX,JAX,0.7314032594607203,JAX,0.722150322999685,0.722150322999685,False,False,False,EARLY_LOCK,,2026-10-06T22:32:23.059566+00:00,20261006T223223Z,20261006T223223Z:2026_05_PHI_JAX,,,pending,
2026_05_CHI_GB,CHI,GB,CHI,0.6477844755221109,CHI,0.6343195755465904,0.6343195755465904,False,False,False,EARLY_LOCK,,2026-10-06T22:32:23.059566+00:00,20261006T223223Z,20261006T223223Z:2026_05_CHI_GB,,,pending,
2026_05_CIN_MIA,CIN,MIA,CIN,0.6821575016433266,CIN,0.681937909012762,0.681937909012762,False,False,False,EARLY_LOCK,,2026-10-06T22:32:23.059566+00:00,20261006T223223Z,20261006T223223Z:2026_05_CIN_MIA,,,pending,
2026_05_CLE_NYJ,CLE,NYJ,CLE,0.5328330961732235,CLE,0.530462851468535,0.5182922092020488,True,False,False,EARLY_LOCK,,2026-10-06T22:32:23.059566+00:00,20261006T223223Z,20261006T223223Z:2026_05_CLE_NYJ,,,pending,
2026_05_HOU_TEN,HOU,TEN,HOU,0.606747610734374,HOU,0.6063025465058235,0.6063025465058234,False,False,False,EARLY_LOCK,,2026-10-06T22:32:23.059566+00:00,20261006T223223Z,20261006T223223Z:2026_05_HOU_TEN,,,pending,
2026_05_IND_PIT,IND,PIT,PIT,0.5734783181088623,PIT,0.575562813659146,0.575562813659146,False,False,False,EARLY_LOCK,,2026-10-06T22:32:23.059566+00:00,20261006T223223Z,20261006T223223Z:2026_05_IND_PIT,,,pending,
2026_05_LV_NE,LV,NE,NE,0.5999918588244184,NE,0.5976923732576875,0.5683846612803812,False,True,False,EARLY_LOCK,,2026-10-06T22:32:23.059566+00:00,20261006T223223Z,20261006T223223Z:2026_05_LV_NE,,,pending,
2026_05_MIN_NO,MIN,NO,MIN,0.5798253126759103,MIN,0.5821415202369642,0.557499064165875,False,False,True,EARLY_LOCK,,2026-10-06T22:32:23.059566+00:00,20261006T223223Z,20261006T223223Z:2026_05_MIN_NO,,,pending,
2026_05_NYG_WAS,NYG,WAS,NYG,0.5403029168685474,NYG,0.5376492399590294,0.5376492399590294,False,False,False,EARLY_LOCK,Jayden Daniels assumed starter; expected but not final,2026-10-06T22:32:23.059566+00:00,20261006T223223Z,20261006T223223Z:2026_05_NYG_WAS,,,pending,
2026_05_DEN_LAC,DEN,LAC,DEN,0.5725264923879503,DEN,0.5656916271943164,0.5656916271943164,False,False,False,EARLY_LOCK,,2026-10-06T22:32:23.059566+00:00,20261006T223223Z,20261006T223223Z:2026_05_DEN_LAC,,,pending,
2026_05_DET_ARI,DET,ARI,DET,0.6487616685211037,DET,0.6437212465655513,0.6437212465655513,False,False,False,EARLY_LOCK,,2026-10-06T22:32:23.059566+00:00,20261006T223223Z,20261006T223223Z:2026_05_DET_ARI,,,pending,
2026_05_SF_SEA,SF,SEA,SF,0.5975960278054716,SF,0.6365357221576521,0.6620473816999242,True,False,False,EARLY_LOCK,,2026-10-06T22:32:23.059566+00:00,20261006T223223Z,20261006T223223Z:2026_05_SF_SEA,,,pending,
2026_05_BAL_ATL,BAL,ATL,BAL,0.5338608612247691,BAL,0.5353341673260135,0.5353341673260135,False,False,False,EARLY_LOCK,Lamar Jackson assumed starter; status uncertain,2026-10-06T22:32:23.059566+00:00,20261006T223223Z,20261006T223223Z:2026_05_BAL_ATL,,,pending,
2026_05_BUF_LA,BUF,LA,BUF,0.5237464548077455,BUF,0.5203733895328905,0.5203733895328905,False,False,False,EARLY_LOCK,,2026-10-06T22:32:23.059566+00:00,20261006T223223Z,20261006T223223Z:2026_05_BUF_LA,,,pending,
2026_05_TB_DAL,TB,DAL,DAL,0.697235948760207,DAL,0.7031374142251539,0.7031374142251539,False,False,False,EARLY_LOCK,,2026-10-06T22:53:32.016840+00:00,20261006T225332Z,20261006T225332Z:2026_05_TB_DAL,16.0,24.0,final,2026-10-09T03:32:01.373920+00:00
2026_05_PHI_JAX,PHI,JAX,JAX,0.7314032594607203,JAX,0.722150322999685,0.722150322999685,False,False,False,EARLY_LOCK,,2026-10-06T22:53:32.016840+00:00,20261006T225332Z,20261006T225332Z:2026_05_PHI_JAX,,,pending,
2026_05_CHI_GB,CHI,GB,CHI,0.6477844755221109,CHI,0.6343195755465904,0.6343195755465904,False,False,False,EARLY_LOCK,,2026-10-06T22:53:32.016840+00:00,20261006T225332Z,20261006T225332Z:2026_05_CHI_GB,,,pending,
2026_05_CIN_MIA,CIN,MIA,CIN,0.6821575016433266,CIN,0.681937909012762,0.681937909012762,False,False,False,EARLY_LOCK,,2026-10-06T22:53:32.016840+00:00,20261006T225332Z,20261006T225332Z:2026_05_CIN_MIA,,,pending,
2026_05_CLE_NYJ,CLE,NYJ,CLE,0.5328330961732235,CLE,0.530462851468535,0.5182922092020488,True,False,False,EARLY_LOCK,,2026-10-06T22:53:32.016840+00:00,20261006T225332Z,20261006T225332Z:2026_05_CLE_NYJ,,,pending,
2026_05_HOU_TEN,HOU,TEN,HOU,0.606747610734374,HOU,0.6063025465058235,0.6063025465058234,False,False,False,EARLY_LOCK,,2026-10-06T22:53:32.016840+00:00,20261006T225332Z,20261006T225332Z:2026_05_HOU_TEN,,,pending,
2026_05_IND_PIT,IND,PIT,PIT,0.5734783181088623,PIT,0.575562813659146,0.575562813659146,False,False,False,EARLY_LOCK,,2026-10-06T22:53:32.016840+00:00,20261006T225332Z,20261006T225332Z:2026_05_IND_PIT,,,pending,
2026_05_LV_NE,LV,NE,NE,0.5999918588244184,NE,0.5976923732576875,0.5683846612803812,False,True,False,EARLY_LOCK,,2026-10-06T22:53:32.016840+00:00,20261006T225332Z,20261006T225332Z:2026_05_LV_NE,,,pending,
2026_05_MIN_NO,MIN,NO,MIN,0.5798253126759103,MIN,0.5821415202369642,0.557499064165875,False,False,True,EARLY_LOCK,,2026-10-06T22:53:32.016840+00:00,20261006T225332Z,20261006T225332Z:2026_05_MIN_NO,,,pending,
2026_05_NYG_WAS,NYG,WAS,NYG,0.5403029168685474,NYG,0.5376492399590294,0.5376492399590294,False,False,False,EARLY_LOCK,Jayden Daniels assumed starter; expected but not final,2026-10-06T22:53:32.016840+00:00,20261006T225332Z,20261006T225332Z:2026_05_NYG_WAS,,,pending,
2026_05_DEN_LAC,DEN,LAC,DEN,0.5725264923879503,DEN,0.5656916271943164,0.5656916271943164,False,False,False,EARLY_LOCK,,2026-10-06T22:53:32.016840+00:00,20261006T225332Z,20261006T225332Z:2026_05_DEN_LAC,,,pending,
2026_05_DET_ARI,DET,ARI,DET,0.6487616685211037,DET,0.6437212465655513,0.6437212465655513,False,False,False,EARLY_LOCK,,2026-10-06T22:53:32.016840+00:00,20261006T225332Z,20261006T225332Z:2026_05_DET_ARI,,,pending,
2026_05_SF_SEA,SF,SEA,SF,0.5975960278054716,SF,0.6365357221576521,0.6620473816999242,True,False,False,EARLY_LOCK,,2026-10-06T22:53:32.016840+00:00,20261006T225332Z,20261006T225332Z:2026_05_SF_SEA,,,pending,
2026_05_BAL_ATL,BAL,ATL,BAL,0.5338608612247691,BAL,0.5353341673260135,0.5353341673260135,False,False,False,EARLY_LOCK,Lamar Jackson assumed starter; status uncertain,2026-10-06T22:53:32.016840+00:00,20261006T225332Z,20261006T225332Z:2026_05_BAL_ATL,,,pending,
2026_05_BUF_LA,BUF,LA,BUF,0.5237464548077455,BUF,0.5203733895328905,0.5203733895328905,False,False,False,EARLY_LOCK,,2026-10-06T22:53:32.016840+00:00,20261006T225332Z,20261006T225332Z:2026_05_BUF_LA,,,pending,
2026_05_TB_DAL,TB,DAL,DAL,0.697235948760207,DAL,0.7031374142251539,0.7031374142251539,False,False,False,EARLY_LOCK,,2026-10-06T23:10:01.904245+00:00,20261006T231001Z,20261006T231001Z:2026_05_TB_DAL,16.0,24.0,final,2026-10-09T03:32:01.373920+00:00
2026_05_PHI_JAX,PHI,JAX,JAX,0.7314032594607203,JAX,0.722150322999685,0.722150322999685,False,False,False,EARLY_LOCK,,2026-10-06T23:10:01.904245+00:00,20261006T231001Z,20261006T231001Z:2026_05_PHI_JAX,,,pending,
2026_05_CHI_GB,CHI,GB,CHI,0.6477844755221109,CHI,0.6343195755465904,0.6343195755465904,False,False,False,EARLY_LOCK,,2026-10-06T23:10:01.904245+00:00,20261006T231001Z,20261006T231001Z:2026_05_CHI_GB,,,pending,
2026_05_CIN_MIA,CIN,MIA,CIN,0.6821575016433266,CIN,0.681937909012762,0.681937909012762,False,False,False,EARLY_LOCK,,2026-10-06T23:10:01.904245+00:00,20261006T231001Z,20261006T231001Z:2026_05_CIN_MIA,,,pending,
2026_05_CLE_NYJ,CLE,NYJ,CLE,0.5328330961732235,CLE,0.530462851468535,0.5182922092020488,True,False,False,EARLY_LOCK,,2026-10-06T23:10:01.904245+00:00,20261006T231001Z,20261006T231001Z:2026_05_CLE_NYJ,,,pending,
2026_05_HOU_TEN,HOU,TEN,HOU,0.606747610734374,HOU,0.6063025465058235,0.6063025465058234,False,False,False,EARLY_LOCK,,2026-10-06T23:10:01.904245+00:00,20261006T231001Z,20261006T231001Z:2026_05_HOU_TEN,,,pending,
2026_05_IND_PIT,IND,PIT,PIT,0.5734783181088623,PIT,0.575562813659146,0.575562813659146,False,False,False,EARLY_LOCK,,2026-10-06T23:10:01.904245+00:00,20261006T231001Z,20261006T231001Z:2026_05_IND_PIT,,,pending,
2026_05_LV_NE,LV,NE,NE,0.5999918588244184,NE,0.5976923732576875,0.5683846612803812,False,True,False,EARLY_LOCK,,2026-10-06T23:10:01.904245+00:00,20261006T231001Z,20261006T231001Z:2026_05_LV_NE,,,pending,
2026_05_MIN_NO,MIN,NO,MIN,0.5798253126759103,MIN,0.5821415202369642,0.557499064165875,False,False,True,EARLY_LOCK,,2026-10-06T23:10:01.904245+00:00,20261006T231001Z,20261006T231001Z:2026_05_MIN_NO,,,pending,
2026_05_NYG_WAS,NYG,WAS,NYG,0.5403029168685474,NYG,0.5376492399590294,0.5376492399590294,False,False,False,EARLY_LOCK,Jayden Daniels assumed starter; expected but not final,2026-10-06T23:10:01.904245+00:00,20261006T231001Z,20261006T231001Z:2026_05_NYG_WAS,,,pending,
2026_05_DEN_LAC,DEN,LAC,DEN,0.5725264923879503,DEN,0.5656916271943164,0.5656916271943164,False,False,False,EARLY_LOCK,,2026-10-06T23:10:01.904245+00:00,20261006T231001Z,20261006T231001Z:2026_05_DEN_LAC,,,pending,
2026_05_DET_ARI,DET,ARI,DET,0.6487616685211037,DET,0.6437212465655513,0.6437212465655513,False,False,False,EARLY_LOCK,,2026-10-06T23:10:01.904245+00:00,20261006T231001Z,20261006T231001Z:2026_05_DET_ARI,,,pending,
2026_05_SF_SEA,SF,SEA,SF,0.5975960278054716,SF,0.6365357221576521,0.6620473816999242,True,False,False,EARLY_LOCK,,2026-10-06T23:10:01.904245+00:00,20261006T231001Z,20261006T231001Z:2026_05_SF_SEA,,,pending,
2026_05_BAL_ATL,BAL,ATL,BAL,0.5338608612247691,BAL,0.5353341673260135,0.5353341673260135,False,False,False,EARLY_LOCK,Lamar Jackson assumed starter; status uncertain,2026-10-06T23:10:01.904245+00:00,20261006T231001Z,20261006T231001Z:2026_05_BAL_ATL,,,pending,
2026_05_BUF_LA,BUF,LA,BUF,0.5237464548077455,BUF,0.5203733895328905,0.5203733895328905,False,False,False,EARLY_LOCK,,2026-10-06T23:10:01.904245+00:00,20261006T231001Z,20261006T231001Z:2026_05_BUF_LA,,,pending,
2026_05_TB_DAL,TB,DAL,DAL,0.697235948760207,DAL,0.7031374142251539,0.7031374142251539,False,False,False,EARLY_LOCK,,2026-10-07T00:10:57.869016+00:00,20261007T001057Z,20261007T001057Z:2026_05_TB_DAL,16.0,24.0,final,2026-10-09T03:32:01.373920+00:00
2026_05_PHI_JAX,PHI,JAX,JAX,0.7314032594607203,JAX,0.722150322999685,0.722150322999685,False,False,False,EARLY_LOCK,,2026-10-07T00:10:57.869016+00:00,20261007T001057Z,20261007T001057Z:2026_05_PHI_JAX,,,pending,
2026_05_CHI_GB,CHI,GB,CHI,0.6477844755221109,CHI,0.6343195755465904,0.6343195755465904,False,False,False,EARLY_LOCK,,2026-10-07T00:10:57.869016+00:00,20261007T001057Z,20261007T001057Z:2026_05_CHI_GB,,,pending,
2026_05_CIN_MIA,CIN,MIA,CIN,0.6821575016433266,CIN,0.681937909012762,0.681937909012762,False,False,False,EARLY_LOCK,,2026-10-07T00:10:57.869016+00:00,20261007T001057Z,20261007T001057Z:2026_05_CIN_MIA,,,pending,
2026_05_CLE_NYJ,CLE,NYJ,CLE,0.5328330961732235,CLE,0.530462851468535,0.5182922092020488,True,False,False,EARLY_LOCK,,2026-10-07T00:10:57.869016+00:00,20261007T001057Z,20261007T001057Z:2026_05_CLE_NYJ,,,pending,
2026_05_HOU_TEN,HOU,TEN,HOU,0.606747610734374,HOU,0.6063025465058235,0.6063025465058234,False,False,False,EARLY_LOCK,,2026-10-07T00:10:57.869016+00:00,20261007T001057Z,20261007T001057Z:2026_05_HOU_TEN,,,pending,
2026_05_IND_PIT,IND,PIT,PIT,0.5734783181088623,PIT,0.575562813659146,0.575562813659146,False,False,False,EARLY_LOCK,,2026-10-07T00:10:57.869016+00:00,20261007T001057Z,20261007T001057Z:2026_05_IND_PIT,,,pending,
2026_05_LV_NE,LV,NE,NE,0.5999918588244184,NE,0.5976923732576875,0.5683846612803812,False,True,False,EARLY_LOCK,,2026-10-07T00:10:57.869016+00:00,20261007T001057Z,20261007T001057Z:2026_05_LV_NE,,,pending,
2026_05_MIN_NO,MIN,NO,MIN,0.5798253126759103,MIN,0.5821415202369642,0.557499064165875,False,False,True,EARLY_LOCK,,2026-10-07T00:10:57.869016+00:00,20261007T001057Z,20261007T001057Z:2026_05_MIN_NO,,,pending,
2026_05_NYG_WAS,NYG,WAS,NYG,0.5403029168685474,NYG,0.5376492399590294,0.5376492399590294,False,False,False,EARLY_LOCK,Jayden Daniels assumed starter; expected but not final,2026-10-07T00:10:57.869016+00:00,20261007T001057Z,20261007T001057Z:2026_05_NYG_WAS,,,pending,
2026_05_DEN_LAC,DEN,LAC,DEN,0.5725264923879503,DEN,0.5656916271943164,0.5656916271943164,False,False,False,EARLY_LOCK,,2026-10-07T00:10:57.869016+00:00,20261007T001057Z,20261007T001057Z:2026_05_DEN_LAC,,,pending,
2026_05_DET_ARI,DET,ARI,DET,0.6487616685211037,DET,0.6437212465655513,0.6437212465655513,False,False,False,EARLY_LOCK,,2026-10-07T00:10:57.869016+00:00,20261007T001057Z,20261007T001057Z:2026_05_DET_ARI,,,pending,
2026_05_SF_SEA,SF,SEA,SF,0.5975960278054716,SF,0.6365357221576521,0.6620473816999242,True,False,False,EARLY_LOCK,,2026-10-07T00:10:57.869016+00:00,20261007T001057Z,20261007T001057Z:2026_05_SF_SEA,,,pending,
2026_05_BAL_ATL,BAL,ATL,BAL,0.5338608612247691,BAL,0.5353341673260135,0.5353341673260135,False,False,False,EARLY_LOCK,Lamar Jackson assumed starter; status uncertain,2026-10-07T00:10:57.869016+00:00,20261007T001057Z,20261007T001057Z:2026_05_BAL_ATL,,,pending,
2026_05_BUF_LA,BUF,LA,BUF,0.5237464548077455,BUF,0.5203733895328905,0.5203733895328905,False,False,False,EARLY_LOCK,,2026-10-07T00:10:57.869016+00:00,20261007T001057Z,20261007T001057Z:2026_05_BUF_LA,,,pending,
2026_05_TB_DAL,TB,DAL,DAL,0.697235948760207,DAL,0.7031374142251539,0.7031374142251539,False,False,False,EARLY_LOCK,,2026-10-07T02:45:35.325925+00:00,20261007T024535Z,20261007T024535Z:2026_05_TB_DAL,16.0,24.0,final,2026-10-09T03:32:01.373920+00:00
2026_05_PHI_JAX,PHI,JAX,JAX,0.7314032594607203,JAX,0.722150322999685,0.722150322999685,False,False,False,EARLY_LOCK,,2026-10-07T02:45:35.325925+00:00,20261007T024535Z,20261007T024535Z:2026_05_PHI_JAX,,,pending,
2026_05_CHI_GB,CHI,GB,CHI,0.6477844755221109,CHI,0.6343195755465904,0.6343195755465904,False,False,False,EARLY_LOCK,,2026-10-07T02:45:35.325925+00:00,20261007T024535Z,20261007T024535Z:2026_05_CHI_GB,,,pending,
2026_05_CIN_MIA,CIN,MIA,CIN,0.6821575016433266,CIN,0.681937909012762,0.681937909012762,False,False,False,EARLY_LOCK,,2026-10-07T02:45:35.325925+00:00,20261007T024535Z,20261007T024535Z:2026_05_CIN_MIA,,,pending,
2026_05_CLE_NYJ,CLE,NYJ,CLE,0.5328330961732235,CLE,0.530462851468535,0.5182922092020488,True,False,False,EARLY_LOCK,,2026-10-07T02:45:35.325925+00:00,20261007T024535Z,20261007T024535Z:2026_05_CLE_NYJ,,,pending,
2026_05_HOU_TEN,HOU,TEN,HOU,0.606747610734374,HOU,0.6063025465058235,0.6063025465058234,False,False,False,EARLY_LOCK,,2026-10-07T02:45:35.325925+00:00,20261007T024535Z,20261007T024535Z:2026_05_HOU_TEN,,,pending,
2026_05_IND_PIT,IND,PIT,PIT,0.5734783181088623,PIT,0.575562813659146,0.575562813659146,False,False,False,EARLY_LOCK,,2026-10-07T02:45:35.325925+00:00,20261007T024535Z,20261007T024535Z:2026_05_IND_PIT,,,pending,
2026_05_LV_NE,LV,NE,NE,0.5999918588244184,NE,0.5976923732576875,0.5683846612803812,False,True,False,EARLY_LOCK,,2026-10-07T02:45:35.325925+00:00,20261007T024535Z,20261007T024535Z:2026_05_LV_NE,,,pending,
2026_05_MIN_NO,MIN,NO,MIN,0.5798253126759103,MIN,0.5821415202369642,0.557499064165875,False,False,True,EARLY_LOCK,,2026-10-07T02:45:35.325925+00:00,20261007T024535Z,20261007T024535Z:2026_05_MIN_NO,,,pending,
2026_05_NYG_WAS,NYG,WAS,NYG,0.5403029168685474,NYG,0.5376492399590294,0.5376492399590294,False,False,False,EARLY_LOCK,Jayden Daniels assumed starter; expected but not final,2026-10-07T02:45:35.325925+00:00,20261007T024535Z,20261007T024535Z:2026_05_NYG_WAS,,,pending,
2026_05_DEN_LAC,DEN,LAC,DEN,0.5725264923879503,DEN,0.5656916271943164,0.5656916271943164,False,False,False,EARLY_LOCK,,2026-10-07T02:45:35.325925+00:00,20261007T024535Z,20261007T024535Z:2026_05_DEN_LAC,,,pending,
2026_05_DET_ARI,DET,ARI,DET,0.6487616685211037,DET,0.6437212465655513,0.6437212465655513,False,False,False,EARLY_LOCK,,2026-10-07T02:45:35.325925+00:00,20261007T024535Z,20261007T024535Z:2026_05_DET_ARI,,,pending,
2026_05_SF_SEA,SF,SEA,SF,0.5975960278054716,SF,0.6365357221576521,0.6620473816999242,True,False,False,EARLY_LOCK,,2026-10-07T02:45:35.325925+00:00,20261007T024535Z,20261007T024535Z:2026_05_SF_SEA,,,pending,
2026_05_BAL_ATL,BAL,ATL,BAL,0.5338608612247691,BAL,0.5353341673260135,0.5353341673260135,False,False,False,EARLY_LOCK,Lamar Jackson assumed starter; status uncertain,2026-10-07T02:45:35.325925+00:00,20261007T024535Z,20261007T024535Z:2026_05_BAL_ATL,,,pending,
2026_05_BUF_LA,BUF,LA,BUF,0.5237464548077455,BUF,0.5203733895328905,0.5203733895328905,False,False,False,EARLY_LOCK,,2026-10-07T02:45:35.325925+00:00,20261007T024535Z,20261007T024535Z:2026_05_BUF_LA,,,pending,
2026_05_TB_DAL,TB,DAL,DAL,0.697235948760207,DAL,0.7031374142251539,0.7031374142251539,False,False,False,EARLY_LOCK,,2026-10-07T02:47:17.692798+00:00,20261007T024717Z,20261007T024717Z:2026_05_TB_DAL,16.0,24.0,final,2026-10-09T03:32:01.373920+00:00
2026_05_PHI_JAX,PHI,JAX,JAX,0.7314032594607203,JAX,0.722150322999685,0.722150322999685,False,False,False,EARLY_LOCK,,2026-10-07T02:47:17.692798+00:00,20261007T024717Z,20261007T024717Z:2026_05_PHI_JAX,,,pending,
2026_05_CHI_GB,CHI,GB,CHI,0.6477844755221109,CHI,0.6343195755465904,0.6343195755465904,False,False,False,EARLY_LOCK,,2026-10-07T02:47:17.692798+00:00,20261007T024717Z,20261007T024717Z:2026_05_CHI_GB,,,pending,
2026_05_CIN_MIA,CIN,MIA,CIN,0.6821575016433266,CIN,0.681937909012762,0.681937909012762,False,False,False,EARLY_LOCK,,2026-10-07T02:47:17.692798+00:00,20261007T024717Z,20261007T024717Z:2026_05_CIN_MIA,,,pending,
2026_05_CLE_NYJ,CLE,NYJ,CLE,0.5328330961732235,CLE,0.530462851468535,0.5182922092020488,True,False,False,EARLY_LOCK,,2026-10-07T02:47:17.692798+00:00,20261007T024717Z,20261007T024717Z:2026_05_CLE_NYJ,,,pending,
2026_05_HOU_TEN,HOU,TEN,HOU,0.606747610734374,HOU,0.6063025465058235,0.6063025465058234,False,False,False,EARLY_LOCK,,2026-10-07T02:47:17.692798+00:00,20261007T024717Z,20261007T024717Z:2026_05_HOU_TEN,,,pending,
2026_05_IND_PIT,IND,PIT,PIT,0.5734783181088623,PIT,0.575562813659146,0.575562813659146,False,False,False,EARLY_LOCK,,2026-10-07T02:47:17.692798+00:00,20261007T024717Z,20261007T024717Z:2026_05_IND_PIT,,,pending,
2026_05_LV_NE,LV,NE,NE,0.5999918588244184,NE,0.5976923732576875,0.5683846612803812,False,True,False,EARLY_LOCK,,2026-10-07T02:47:17.692798+00:00,20261007T024717Z,20261007T024717Z:2026_05_LV_NE,,,pending,
2026_05_MIN_NO,MIN,NO,MIN,0.5798253126759103,MIN,0.5821415202369642,0.557499064165875,False,False,True,EARLY_LOCK,,2026-10-07T02:47:17.692798+00:00,20261007T024717Z,20261007T024717Z:2026_05_MIN_NO,,,pending,
2026_05_NYG_WAS,NYG,WAS,NYG,0.5403029168685474,NYG,0.5376492399590294,0.5376492399590294,False,False,False,EARLY_LOCK,Jayden Daniels assumed starter; expected but not final,2026-10-07T02:47:17.692798+00:00,20261007T024717Z,20261007T024717Z:2026_05_NYG_WAS,,,pending,
2026_05_DEN_LAC,DEN,LAC,DEN,0.5725264923879503,DEN,0.5656916271943164,0.5656916271943164,False,False,False,EARLY_LOCK,,2026-10-07T02:47:17.692798+00:00,20261007T024717Z,20261007T024717Z:2026_05_DEN_LAC,,,pending,
2026_05_DET_ARI,DET,ARI,DET,0.6487616685211037,DET,0.6437212465655513,0.6437212465655513,False,False,False,EARLY_LOCK,,2026-10-07T02:47:17.692798+00:00,20261007T024717Z,20261007T024717Z:2026_05_DET_ARI,,,pending,
2026_05_SF_SEA,SF,SEA,SF,0.5975960278054716,SF,0.6365357221576521,0.6620473816999242,True,False,False,EARLY_LOCK,,2026-10-07T02:47:17.692798+00:00,20261007T024717Z,20261007T024717Z:2026_05_SF_SEA,,,pending,
2026_05_BAL_ATL,BAL,ATL,BAL,0.5338608612247691,BAL,0.5353341673260135,0.5353341673260135,False,False,False,EARLY_LOCK,Lamar Jackson assumed starter; status uncertain,2026-10-07T02:47:17.692798+00:00,20261007T024717Z,20261007T024717Z:2026_05_BAL_ATL,,,pending,
2026_05_BUF_LA,BUF,LA,BUF,0.5237464548077455,BUF,0.5203733895328905,0.5203733895328905,False,False,False,EARLY_LOCK,,2026-10-07T02:47:17.692798+00:00,20261007T024717Z,20261007T024717Z:2026_05_BUF_LA,,,pending,
2026_05_TB_DAL,TB,DAL,DAL,0.697235948760207,DAL,0.7031374142251539,0.7031374142251539,False,False,False,EARLY_LOCK,,2026-10-07T14:40:50.659721+00:00,20261007T144050Z,20261007T144050Z:2026_05_TB_DAL,16.0,24.0,final,2026-10-09T03:32:01.373920+00:00
2026_05_PHI_JAX,PHI,JAX,JAX,0.7314032594607203,JAX,0.722150322999685,0.722150322999685,False,False,False,EARLY_LOCK,,2026-10-07T14:40:50.659721+00:00,20261007T144050Z,20261007T144050Z:2026_05_PHI_JAX,,,pending,
2026_05_CHI_GB,CHI,GB,CHI,0.6477844755221109,CHI,0.6343195755465904,0.6343195755465904,False,False,False,EARLY_LOCK,,2026-10-07T14:40:50.659721+00:00,20261007T144050Z,20261007T144050Z:2026_05_CHI_GB,,,pending,
2026_05_CIN_MIA,CIN,MIA,CIN,0.6821575016433266,CIN,0.681937909012762,0.681937909012762,False,False,False,EARLY_LOCK,,2026-10-07T14:40:50.659721+00:00,20261007T144050Z,20261007T144050Z:2026_05_CIN_MIA,,,pending,
2026_05_CLE_NYJ,CLE,NYJ,CLE,0.5328330961732235,CLE,0.530462851468535,0.5182922092020488,True,False,False,EARLY_LOCK,,2026-10-07T14:40:50.659721+00:00,20261007T144050Z,20261007T144050Z:2026_05_CLE_NYJ,,,pending,
2026_05_HOU_TEN,HOU,TEN,HOU,0.606747610734374,HOU,0.6063025465058235,0.6063025465058234,False,False,False,EARLY_LOCK,,2026-10-07T14:40:50.659721+00:00,20261007T144050Z,20261007T144050Z:2026_05_HOU_TEN,,,pending,
2026_05_IND_PIT,IND,PIT,PIT,0.5734783181088623,PIT,0.575562813659146,0.575562813659146,False,False,False,EARLY_LOCK,,2026-10-07T14:40:50.659721+00:00,20261007T144050Z,20261007T144050Z:2026_05_IND_PIT,,,pending,
2026_05_LV_NE,LV,NE,NE,0.5999918588244184,NE,0.5976923732576875,0.5683846612803812,False,True,False,EARLY_LOCK,,2026-10-07T14:40:50.659721+00:00,20261007T144050Z,20261007T144050Z:2026_05_LV_NE,,,pending,
2026_05_MIN_NO,MIN,NO,MIN,0.5798253126759103,MIN,0.5821415202369642,0.557499064165875,False,False,True,EARLY_LOCK,,2026-10-07T14:40:50.659721+00:00,20261007T144050Z,20261007T144050Z:2026_05_MIN_NO,,,pending,
2026_05_NYG_WAS,NYG,WAS,NYG,0.5403029168685474,NYG,0.5376492399590294,0.5376492399590294,False,False,False,EARLY_LOCK,Jayden Daniels assumed starter; expected but not final,2026-10-07T14:40:50.659721+00:00,20261007T144050Z,20261007T144050Z:2026_05_NYG_WAS,,,pending,
2026_05_DEN_LAC,DEN,LAC,DEN,0.5725264923879503,DEN,0.5656916271943164,0.5656916271943164,False,False,False,EARLY_LOCK,,2026-10-07T14:40:50.659721+00:00,20261007T144050Z,20261007T144050Z:2026_05_DEN_LAC,,,pending,
2026_05_DET_ARI,DET,ARI,DET,0.6487616685211037,DET,0.6437184456353806,0.6437184456353806,False,False,False,EARLY_LOCK,,2026-10-07T14:40:50.659721+00:00,20261007T144050Z,20261007T144050Z:2026_05_DET_ARI,,,pending,
2026_05_SF_SEA,SF,SEA,SF,0.5975960278054716,SF,0.6365357221576521,0.6620473816999242,True,False,False,EARLY_LOCK,,2026-10-07T14:40:50.659721+00:00,20261007T144050Z,20261007T144050Z:2026_05_SF_SEA,,,pending,
2026_05_BAL_ATL,BAL,ATL,BAL,0.5338608612247691,BAL,0.5353341673260135,0.5353341673260135,False,False,False,EARLY_LOCK,Lamar Jackson assumed starter; status uncertain,2026-10-07T14:40:50.659721+00:00,20261007T144050Z,20261007T144050Z:2026_05_BAL_ATL,,,pending,
2026_05_BUF_LA,BUF,LA,BUF,0.5237464548077455,BUF,0.5203733895328905,0.5203733895328905,False,False,False,EARLY_LOCK,,2026-10-07T14:40:50.659721+00:00,20261007T144050Z,20261007T144050Z:2026_05_BUF_LA,,,pending,
2026_05_TB_DAL,TB,DAL,DAL,0.697235948760207,DAL,0.7031374142251539,0.7031374142251539,False,False,False,EARLY_LOCK,,2026-10-07T14:43:50.464356+00:00,20261007T144350Z,20261007T144350Z:2026_05_TB_DAL,16.0,24.0,final,2026-10-09T03:32:01.373920+00:00
2026_05_PHI_JAX,PHI,JAX,JAX,0.7314032594607203,JAX,0.722150322999685,0.722150322999685,False,False,False,EARLY_LOCK,,2026-10-07T14:43:50.464356+00:00,20261007T144350Z,20261007T144350Z:2026_05_PHI_JAX,,,pending,
2026_05_CHI_GB,CHI,GB,CHI,0.6477844755221109,CHI,0.6343195755465904,0.6343195755465904,False,False,False,EARLY_LOCK,,2026-10-07T14:43:50.464356+00:00,20261007T144350Z,20261007T144350Z:2026_05_CHI_GB,,,pending,
2026_05_CIN_MIA,CIN,MIA,CIN,0.6821575016433266,CIN,0.681937909012762,0.681937909012762,False,False,False,EARLY_LOCK,,2026-10-07T14:43:50.464356+00:00,20261007T144350Z,20261007T144350Z:2026_05_CIN_MIA,,,pending,
2026_05_CLE_NYJ,CLE,NYJ,CLE,0.5328330961732235,CLE,0.530462851468535,0.5182922092020488,True,False,False,EARLY_LOCK,,2026-10-07T14:43:50.464356+00:00,20261007T144350Z,20261007T144350Z:2026_05_CLE_NYJ,,,pending,
2026_05_HOU_TEN,HOU,TEN,HOU,0.606747610734374,HOU,0.6063025465058235,0.6063025465058234,False,False,False,EARLY_LOCK,,2026-10-07T14:43:50.464356+00:00,20261007T144350Z,20261007T144350Z:2026_05_HOU_TEN,,,pending,
2026_05_IND_PIT,IND,PIT,PIT,0.5734783181088623,PIT,0.575562813659146,0.575562813659146,False,False,False,EARLY_LOCK,,2026-10-07T14:43:50.464356+00:00,20261007T144350Z,20261007T144350Z:2026_05_IND_PIT,,,pending,
2026_05_LV_NE,LV,NE,NE,0.5999918588244184,NE,0.5976923732576875,0.5683846612803812,False,True,False,EARLY_LOCK,,2026-10-07T14:43:50.464356+00:00,20261007T144350Z,20261007T144350Z:2026_05_LV_NE,,,pending,
2026_05_MIN_NO,MIN,NO,MIN,0.5798253126759103,MIN,0.5821415202369642,0.557499064165875,False,False,True,EARLY_LOCK,,2026-10-07T14:43:50.464356+00:00,20261007T144350Z,20261007T144350Z:2026_05_MIN_NO,,,pending,
2026_05_NYG_WAS,NYG,WAS,NYG,0.5403029168685474,NYG,0.5376492399590294,0.5376492399590294,False,False,False,EARLY_LOCK,Jayden Daniels assumed starter; expected but not final,2026-10-07T14:43:50.464356+00:00,20261007T144350Z,20261007T144350Z:2026_05_NYG_WAS,,,pending,
2026_05_DEN_LAC,DEN,LAC,DEN,0.5725264923879503,DEN,0.5656916271943164,0.5656916271943164,False,False,False,EARLY_LOCK,,2026-10-07T14:43:50.464356+00:00,20261007T144350Z,20261007T144350Z:2026_05_DEN_LAC,,,pending,
2026_05_DET_ARI,DET,ARI,DET,0.6487616685211037,DET,0.6437184456353806,0.6437184456353806,False,False,False,EARLY_LOCK,,2026-10-07T14:43:50.464356+00:00,20261007T144350Z,20261007T144350Z:2026_05_DET_ARI,,,pending,
2026_05_SF_SEA,SF,SEA,SF,0.5975960278054716,SF,0.6365357221576521,0.6620473816999242,True,False,False,EARLY_LOCK,,2026-10-07T14:43:50.464356+00:00,20261007T144350Z,20261007T144350Z:2026_05_SF_SEA,,,pending,
2026_05_BAL_ATL,BAL,ATL,BAL,0.5338608612247691,BAL,0.5353341673260135,0.5353341673260135,False,False,False,EARLY_LOCK,Lamar Jackson assumed starter; status uncertain,2026-10-07T14:43:50.464356+00:00,20261007T144350Z,20261007T144350Z:2026_05_BAL_ATL,,,pending,
2026_05_BUF_LA,BUF,LA,BUF,0.5237464548077455,BUF,0.5203733895328905,0.5203733895328905,False,False,False,EARLY_LOCK,,2026-10-07T14:43:50.464356+00:00,20261007T144350Z,20261007T144350Z:2026_05_BUF_LA,,,pending,
2026_05_TB_DAL,TB,DAL,DAL,0.697235948760207,DAL,0.7031374142251539,0.7031374142251539,False,False,False,EARLY_LOCK,,2026-10-07T15:59:37.923262+00:00,20261007T155937Z,20261007T155937Z:2026_05_TB_DAL,16.0,24.0,final,2026-10-09T03:32:01.373920+00:00
2026_05_PHI_JAX,PHI,JAX,JAX,0.7314032594607203,JAX,0.722150322999685,0.722150322999685,False,False,False,EARLY_LOCK,,2026-10-07T15:59:37.923262+00:00,20261007T155937Z,20261007T155937Z:2026_05_PHI_JAX,,,pending,
2026_05_CHI_GB,CHI,GB,CHI,0.6477844755221109,CHI,0.6343195755465904,0.6343195755465904,False,False,False,EARLY_LOCK,,2026-10-07T15:59:37.923262+00:00,20261007T155937Z,20261007T155937Z:2026_05_CHI_GB,,,pending,
2026_05_CIN_MIA,CIN,MIA,CIN,0.6821575016433266,CIN,0.681937909012762,0.681937909012762,False,False,False,EARLY_LOCK,,2026-10-07T15:59:37.923262+00:00,20261007T155937Z,20261007T155937Z:2026_05_CIN_MIA,,,pending,
2026_05_CLE_NYJ,CLE,NYJ,CLE,0.5328330961732235,CLE,0.530462851468535,0.5182922092020488,True,False,False,EARLY_LOCK,,2026-10-07T15:59:37.923262+00:00,20261007T155937Z,20261007T155937Z:2026_05_CLE_NYJ,,,pending,
2026_05_HOU_TEN,HOU,TEN,HOU,0.606747610734374,HOU,0.6063025465058235,0.6063025465058234,False,False,False,EARLY_LOCK,,2026-10-07T15:59:37.923262+00:00,20261007T155937Z,20261007T155937Z:2026_05_HOU_TEN,,,pending,
2026_05_IND_PIT,IND,PIT,PIT,0.5734783181088623,PIT,0.575562813659146,0.575562813659146,False,False,False,EARLY_LOCK,,2026-10-07T15:59:37.923262+00:00,20261007T155937Z,20261007T155937Z:2026_05_IND_PIT,,,pending,
2026_05_LV_NE,LV,NE,NE,0.5999918588244184,NE,0.5976923732576875,0.5683846612803812,False,True,False,EARLY_LOCK,,2026-10-07T15:59:37.923262+00:00,20261007T155937Z,20261007T155937Z:2026_05_LV_NE,,,pending,
2026_05_MIN_NO,MIN,NO,MIN,0.5798253126759103,MIN,0.5821415202369642,0.557499064165875,False,False,True,EARLY_LOCK,,2026-10-07T15:59:37.923262+00:00,20261007T155937Z,20261007T155937Z:2026_05_MIN_NO,,,pending,
2026_05_NYG_WAS,NYG,WAS,NYG,0.5403029168685474,NYG,0.5376492399590294,0.5376492399590294,False,False,False,EARLY_LOCK,Jayden Daniels assumed starter; expected but not final,2026-10-07T15:59:37.923262+00:00,20261007T155937Z,20261007T155937Z:2026_05_NYG_WAS,,,pending,
2026_05_DEN_LAC,DEN,LAC,DEN,0.5725264923879503,DEN,0.5656916271943164,0.5656916271943164,False,False,False,EARLY_LOCK,,2026-10-07T15:59:37.923262+00:00,20261007T155937Z,20261007T155937Z:2026_05_DEN_LAC,,,pending,
2026_05_DET_ARI,DET,ARI,DET,0.6487616685211037,DET,0.6437184456353806,0.6437184456353806,False,False,False,EARLY_LOCK,,2026-10-07T15:59:37.923262+00:00,20261007T155937Z,20261007T155937Z:2026_05_DET_ARI,,,pending,
2026_05_SF_SEA,SF,SEA,SF,0.5975960278054716,SF,0.6365357221576521,0.6620473816999242,True,False,False,EARLY_LOCK,,2026-10-07T15:59:37.923262+00:00,20261007T155937Z,20261007T155937Z:2026_05_SF_SEA,,,pending,
2026_05_BAL_ATL,BAL,ATL,BAL,0.5338608612247691,BAL,0.5353341673260135,0.5353341673260135,False,False,False,EARLY_LOCK,Lamar Jackson assumed starter; status uncertain,2026-10-07T15:59:37.923262+00:00,20261007T155937Z,20261007T155937Z:2026_05_BAL_ATL,,,pending,
2026_05_BUF_LA,BUF,LA,BUF,0.5237464548077455,BUF,0.5203733895328905,0.5203733895328905,False,False,False,EARLY_LOCK,,2026-10-07T15:59:37.923262+00:00,20261007T155937Z,20261007T155937Z:2026_05_BUF_LA,,,pending,
2026_05_TB_DAL,TB,DAL,DAL,0.697235948760207,DAL,0.7031374142251539,0.7031374142251539,False,False,False,EARLY_LOCK,,2026-10-07T16:01:52.459476+00:00,20261007T160152Z,20261007T160152Z:2026_05_TB_DAL,16.0,24.0,final,2026-10-09T03:32:01.373920+00:00
2026_05_PHI_JAX,PHI,JAX,JAX,0.7314032594607203,JAX,0.722150322999685,0.722150322999685,False,False,False,EARLY_LOCK,,2026-10-07T16:01:52.459476+00:00,20261007T160152Z,20261007T160152Z:2026_05_PHI_JAX,,,pending,
2026_05_CHI_GB,CHI,GB,CHI,0.6477844755221109,CHI,0.6343195755465904,0.6343195755465904,False,False,False,EARLY_LOCK,,2026-10-07T16:01:52.459476+00:00,20261007T160152Z,20261007T160152Z:2026_05_CHI_GB,,,pending,
2026_05_CIN_MIA,CIN,MIA,CIN,0.6821575016433266,CIN,0.681937909012762,0.681937909012762,False,False,False,EARLY_LOCK,,2026-10-07T16:01:52.459476+00:00,20261007T160152Z,20261007T160152Z:2026_05_CIN_MIA,,,pending,
2026_05_CLE_NYJ,CLE,NYJ,CLE,0.5328330961732235,CLE,0.530462851468535,0.5182922092020488,True,False,False,EARLY_LOCK,,2026-10-07T16:01:52.459476+00:00,20261007T160152Z,20261007T160152Z:2026_05_CLE_NYJ,,,pending,
2026_05_HOU_TEN,HOU,TEN,HOU,0.606747610734374,HOU,0.6063025465058235,0.6063025465058234,False,False,False,EARLY_LOCK,,2026-10-07T16:01:52.459476+00:00,20261007T160152Z,20261007T160152Z:2026_05_HOU_TEN,,,pending,
2026_05_IND_PIT,IND,PIT,PIT,0.5734783181088623,PIT,0.575562813659146,0.575562813659146,False,False,False,EARLY_LOCK,,2026-10-07T16:01:52.459476+00:00,20261007T160152Z,20261007T160152Z:2026_05_IND_PIT,,,pending,
2026_05_LV_NE,LV,NE,NE,0.5999918588244184,NE,0.5976923732576875,0.5683846612803812,False,True,False,EARLY_LOCK,,2026-10-07T16:01:52.459476+00:00,20261007T160152Z,20261007T160152Z:2026_05_LV_NE,,,pending,
2026_05_MIN_NO,MIN,NO,MIN,0.5798253126759103,MIN,0.5821415202369642,0.557499064165875,False,False,True,EARLY_LOCK,,2026-10-07T16:01:52.459476+00:00,20261007T160152Z,20261007T160152Z:2026_05_MIN_NO,,,pending,
2026_05_NYG_WAS,NYG,WAS,NYG,0.5403029168685474,NYG,0.5376492399590294,0.5376492399590294,False,False,False,EARLY_LOCK,Jayden Daniels assumed starter; expected but not final,2026-10-07T16:01:52.459476+00:00,20261007T160152Z,20261007T160152Z:2026_05_NYG_WAS,,,pending,
2026_05_DEN_LAC,DEN,LAC,DEN,0.5725264923879503,DEN,0.5656916271943164,0.5656916271943164,False,False,False,EARLY_LOCK,,2026-10-07T16:01:52.459476+00:00,20261007T160152Z,20261007T160152Z:2026_05_DEN_LAC,,,pending,
2026_05_DET_ARI,DET,ARI,DET,0.6487616685211037,DET,0.6437184456353806,0.6437184456353806,False,False,False,EARLY_LOCK,,2026-10-07T16:01:52.459476+00:00,20261007T160152Z,20261007T160152Z:2026_05_DET_ARI,,,pending,
2026_05_SF_SEA,SF,SEA,SF,0.5975960278054716,SF,0.6365357221576521,0.6620473816999242,True,False,False,EARLY_LOCK,,2026-10-07T16:01:52.459476+00:00,20261007T160152Z,20261007T160152Z:2026_05_SF_SEA,,,pending,
2026_05_BAL_ATL,BAL,ATL,BAL,0.5338608612247691,BAL,0.5353341673260135,0.5353341673260135,False,False,False,EARLY_LOCK,Lamar Jackson assumed starter; status uncertain,2026-10-07T16:01:52.459476+00:00,20261007T160152Z,20261007T160152Z:2026_05_BAL_ATL,,,pending,
2026_05_BUF_LA,BUF,LA,BUF,0.5237464548077455,BUF,0.5203733895328905,0.5203733895328905,False,False,False,EARLY_LOCK,,2026-10-07T16:01:52.459476+00:00,20261007T160152Z,20261007T160152Z:2026_05_BUF_LA,,,pending,
2026_05_TB_DAL,TB,DAL,DAL,0.697235948760207,DAL,0.7031374142251539,0.7031374142251539,False,False,False,EARLY_LOCK,,2026-10-07T17:04:42.910058+00:00,20261007T170442Z,20261007T170442Z:2026_05_TB_DAL,16.0,24.0,final,2026-10-09T03:32:01.373920+00:00
2026_05_PHI_JAX,PHI,JAX,JAX,0.7314032594607203,JAX,0.722150322999685,0.722150322999685,False,False,False,EARLY_LOCK,,2026-10-07T17:04:42.910058+00:00,20261007T170442Z,20261007T170442Z:2026_05_PHI_JAX,,,pending,
2026_05_CHI_GB,CHI,GB,CHI,0.6477844755221109,CHI,0.6343195755465904,0.6343195755465904,False,False,False,EARLY_LOCK,,2026-10-07T17:04:42.910058+00:00,20261007T170442Z,20261007T170442Z:2026_05_CHI_GB,,,pending,
2026_05_CIN_MIA,CIN,MIA,CIN,0.6821575016433266,CIN,0.681937909012762,0.681937909012762,False,False,False,EARLY_LOCK,,2026-10-07T17:04:42.910058+00:00,20261007T170442Z,20261007T170442Z:2026_05_CIN_MIA,,,pending,
2026_05_CLE_NYJ,CLE,NYJ,CLE,0.5328330961732235,CLE,0.530462851468535,0.5182922092020488,True,False,False,EARLY_LOCK,,2026-10-07T17:04:42.910058+00:00,20261007T170442Z,20261007T170442Z:2026_05_CLE_NYJ,,,pending,
2026_05_HOU_TEN,HOU,TEN,HOU,0.606747610734374,HOU,0.6063025465058235,0.6063025465058234,False,False,False,EARLY_LOCK,,2026-10-07T17:04:42.910058+00:00,20261007T170442Z,20261007T170442Z:2026_05_HOU_TEN,,,pending,
2026_05_IND_PIT,IND,PIT,PIT,0.5734783181088623,PIT,0.575562813659146,0.575562813659146,False,False,False,EARLY_LOCK,,2026-10-07T17:04:42.910058+00:00,20261007T170442Z,20261007T170442Z:2026_05_IND_PIT,,,pending,
2026_05_LV_NE,LV,NE,NE,0.5999918588244184,NE,0.5976923732576875,0.5683846612803812,False,True,False,EARLY_LOCK,,2026-10-07T17:04:42.910058+00:00,20261007T170442Z,20261007T170442Z:2026_05_LV_NE,,,pending,
2026_05_MIN_NO,MIN,NO,MIN,0.5798253126759103,MIN,0.5821415202369642,0.557499064165875,False,False,True,EARLY_LOCK,,2026-10-07T17:04:42.910058+00:00,20261007T170442Z,20261007T170442Z:2026_05_MIN_NO,,,pending,
2026_05_NYG_WAS,NYG,WAS,NYG,0.5403029168685474,NYG,0.5376492399590294,0.5376492399590294,False,False,False,EARLY_LOCK,Jayden Daniels assumed starter; expected but not final,2026-10-07T17:04:42.910058+00:00,20261007T170442Z,20261007T170442Z:2026_05_NYG_WAS,,,pending,
2026_05_DEN_LAC,DEN,LAC,DEN,0.5725264923879503,DEN,0.5656916271943164,0.5656916271943164,False,False,False,EARLY_LOCK,,2026-10-07T17:04:42.910058+00:00,20261007T170442Z,20261007T170442Z:2026_05_DEN_LAC,,,pending,
2026_05_DET_ARI,DET,ARI,DET,0.6487616685211037,DET,0.6437184456353806,0.6437184456353806,False,False,False,EARLY_LOCK,,2026-10-07T17:04:42.910058+00:00,20261007T170442Z,20261007T170442Z:2026_05_DET_ARI,,,pending,
2026_05_SF_SEA,SF,SEA,SF,0.5975960278054716,SF,0.6365357221576521,0.6620473816999242,True,False,False,EARLY_LOCK,,2026-10-07T17:04:42.910058+00:00,20261007T170442Z,20261007T170442Z:2026_05_SF_SEA,,,pending,
2026_05_BAL_ATL,BAL,ATL,BAL,0.5338608612247691,BAL,0.5353341673260135,0.5353341673260135,False,False,False,EARLY_LOCK,Lamar Jackson assumed starter; status uncertain,2026-10-07T17:04:42.910058+00:00,20261007T170442Z,20261007T170442Z:2026_05_BAL_ATL,,,pending,
2026_05_BUF_LA,BUF,LA,BUF,0.5237464548077455,BUF,0.5203733895328905,0.5203733895328905,False,False,False,EARLY_LOCK,,2026-10-07T17:04:42.910058+00:00,20261007T170442Z,20261007T170442Z:2026_05_BUF_LA,,,pending,
2026_05_TB_DAL,TB,DAL,DAL,0.697235948760207,DAL,0.7031374142251539,0.7031374142251539,False,False,False,EARLY_LOCK,,2026-10-07T17:08:08.203655+00:00,20261007T170808Z,20261007T170808Z:2026_05_TB_DAL,16.0,24.0,final,2026-10-09T03:32:01.373920+00:00
2026_05_PHI_JAX,PHI,JAX,JAX,0.7314032594607203,JAX,0.722150322999685,0.722150322999685,False,False,False,EARLY_LOCK,,2026-10-07T17:08:08.203655+00:00,20261007T170808Z,20261007T170808Z:2026_05_PHI_JAX,,,pending,
2026_05_CHI_GB,CHI,GB,CHI,0.6477844755221109,CHI,0.6343195755465904,0.6343195755465904,False,False,False,EARLY_LOCK,,2026-10-07T17:08:08.203655+00:00,20261007T170808Z,20261007T170808Z:2026_05_CHI_GB,,,pending,
2026_05_CIN_MIA,CIN,MIA,CIN,0.6821575016433266,CIN,0.681937909012762,0.681937909012762,False,False,False,EARLY_LOCK,,2026-10-07T17:08:08.203655+00:00,20261007T170808Z,20261007T170808Z:2026_05_CIN_MIA,,,pending,
2026_05_CLE_NYJ,CLE,NYJ,CLE,0.5328330961732235,CLE,0.530462851468535,0.5182922092020488,True,False,False,EARLY_LOCK,,2026-10-07T17:08:08.203655+00:00,20261007T170808Z,20261007T170808Z:2026_05_CLE_NYJ,,,pending,
2026_05_HOU_TEN,HOU,TEN,HOU,0.606747610734374,HOU,0.6063025465058235,0.6063025465058234,False,False,False,EARLY_LOCK,,2026-10-07T17:08:08.203655+00:00,20261007T170808Z,20261007T170808Z:2026_05_HOU_TEN,,,pending,
2026_05_IND_PIT,IND,PIT,PIT,0.5734783181088623,PIT,0.575562813659146,0.575562813659146,False,False,False,EARLY_LOCK,,2026-10-07T17:08:08.203655+00:00,20261007T170808Z,20261007T170808Z:2026_05_IND_PIT,,,pending,
2026_05_LV_NE,LV,NE,NE,0.5999918588244184,NE,0.5976923732576875,0.5683846612803812,False,True,False,EARLY_LOCK,,2026-10-07T17:08:08.203655+00:00,20261007T170808Z,20261007T170808Z:2026_05_LV_NE,,,pending,
2026_05_MIN_NO,MIN,NO,MIN,0.5798253126759103,MIN,0.5821415202369642,0.557499064165875,False,False,True,EARLY_LOCK,,2026-10-07T17:08:08.203655+00:00,20261007T170808Z,20261007T170808Z:2026_05_MIN_NO,,,pending,
2026_05_NYG_WAS,NYG,WAS,NYG,0.5403029168685474,NYG,0.5376492399590294,0.5376492399590294,False,False,False,EARLY_LOCK,Jayden Daniels assumed starter; expected but not final,2026-10-07T17:08:08.203655+00:00,20261007T170808Z,20261007T170808Z:2026_05_NYG_WAS,,,pending,
2026_05_DEN_LAC,DEN,LAC,DEN,0.5725264923879503,DEN,0.5656916271943164,0.5656916271943164,False,False,False,EARLY_LOCK,,2026-10-07T17:08:08.203655+00:00,20261007T170808Z,20261007T170808Z:2026_05_DEN_LAC,,,pending,
2026_05_DET_ARI,DET,ARI,DET,0.6487616685211037,DET,0.6437184456353806,0.6437184456353806,False,False,False,EARLY_LOCK,,2026-10-07T17:08:08.203655+00:00,20261007T170808Z,20261007T170808Z:2026_05_DET_ARI,,,pending,
2026_05_SF_SEA,SF,SEA,SF,0.5975960278054716,SF,0.6365357221576521,0.6620473816999242,True,False,False,EARLY_LOCK,,2026-10-07T17:08:08.203655+00:00,20261007T170808Z,20261007T170808Z:2026_05_SF_SEA,,,pending,
2026_05_BAL_ATL,BAL,ATL,BAL,0.5338608612247691,BAL,0.5353341673260135,0.5353341673260135,False,False,False,EARLY_LOCK,Lamar Jackson assumed starter; status uncertain,2026-10-07T17:08:08.203655+00:00,20261007T170808Z,20261007T170808Z:2026_05_BAL_ATL,,,pending,
2026_05_BUF_LA,BUF,LA,BUF,0.5237464548077455,BUF,0.5203733895328905,0.5203733895328905,False,False,False,EARLY_LOCK,,2026-10-07T17:08:08.203655+00:00,20261007T170808Z,20261007T170808Z:2026_05_BUF_LA,,,pending,
2026_05_TB_DAL,TB,DAL,DAL,0.697235948760207,DAL,0.7031374142251539,0.7031374142251539,False,False,False,EARLY_LOCK,,2026-10-07T17:28:21.069126+00:00,20261007T172821Z,20261007T172821Z:2026_05_TB_DAL,16.0,24.0,final,2026-10-09T03:32:01.373920+00:00
2026_05_PHI_JAX,PHI,JAX,JAX,0.7314032594607203,JAX,0.722150322999685,0.722150322999685,False,False,False,EARLY_LOCK,,2026-10-07T17:28:21.069126+00:00,20261007T172821Z,20261007T172821Z:2026_05_PHI_JAX,,,pending,
2026_05_CHI_GB,CHI,GB,CHI,0.6477844755221109,CHI,0.6343195755465904,0.6343195755465904,False,False,False,EARLY_LOCK,,2026-10-07T17:28:21.069126+00:00,20261007T172821Z,20261007T172821Z:2026_05_CHI_GB,,,pending,
2026_05_CIN_MIA,CIN,MIA,CIN,0.6821575016433266,CIN,0.681937909012762,0.681937909012762,False,False,False,EARLY_LOCK,,2026-10-07T17:28:21.069126+00:00,20261007T172821Z,20261007T172821Z:2026_05_CIN_MIA,,,pending,
2026_05_CLE_NYJ,CLE,NYJ,CLE,0.5328330961732235,CLE,0.530462851468535,0.5182922092020488,True,False,False,EARLY_LOCK,,2026-10-07T17:28:21.069126+00:00,20261007T172821Z,20261007T172821Z:2026_05_CLE_NYJ,,,pending,
2026_05_HOU_TEN,HOU,TEN,HOU,0.606747610734374,HOU,0.6063025465058235,0.6063025465058234,False,False,False,EARLY_LOCK,,2026-10-07T17:28:21.069126+00:00,20261007T172821Z,20261007T172821Z:2026_05_HOU_TEN,,,pending,
2026_05_IND_PIT,IND,PIT,PIT,0.5734783181088623,PIT,0.575562813659146,0.575562813659146,False,False,False,EARLY_LOCK,,2026-10-07T17:28:21.069126+00:00,20261007T172821Z,20261007T172821Z:2026_05_IND_PIT,,,pending,
2026_05_LV_NE,LV,NE,NE,0.5999918588244184,NE,0.5976923732576875,0.5683846612803812,False,True,False,EARLY_LOCK,,2026-10-07T17:28:21.069126+00:00,20261007T172821Z,20261007T172821Z:2026_05_LV_NE,,,pending,
2026_05_MIN_NO,MIN,NO,MIN,0.5798253126759103,MIN,0.5821415202369642,0.557499064165875,False,False,True,EARLY_LOCK,,2026-10-07T17:28:21.069126+00:00,20261007T172821Z,20261007T172821Z:2026_05_MIN_NO,,,pending,
2026_05_NYG_WAS,NYG,WAS,NYG,0.5403029168685474,NYG,0.5376492399590294,0.5376492399590294,False,False,False,EARLY_LOCK,Jayden Daniels assumed starter; expected but not final,2026-10-07T17:28:21.069126+00:00,20261007T172821Z,20261007T172821Z:2026_05_NYG_WAS,,,pending,
2026_05_DEN_LAC,DEN,LAC,DEN,0.5725264923879503,DEN,0.5656916271943164,0.5656916271943164,False,False,False,EARLY_LOCK,,2026-10-07T17:28:21.069126+00:00,20261007T172821Z,20261007T172821Z:2026_05_DEN_LAC,,,pending,
2026_05_DET_ARI,DET,ARI,DET,0.6487616685211037,DET,0.6437184456353806,0.6437184456353806,False,False,False,EARLY_LOCK,,2026-10-07T17:28:21.069126+00:00,20261007T172821Z,20261007T172821Z:2026_05_DET_ARI,,,pending,
2026_05_SF_SEA,SF,SEA,SF,0.5975960278054716,SF,0.6365357221576521,0.6620473816999242,True,False,False,EARLY_LOCK,,2026-10-07T17:28:21.069126+00:00,20261007T172821Z,20261007T172821Z:2026_05_SF_SEA,,,pending,
2026_05_BAL_ATL,BAL,ATL,BAL,0.5338608612247691,BAL,0.5353341673260135,0.5353341673260135,False,False,False,EARLY_LOCK,Lamar Jackson assumed starter; status uncertain,2026-10-07T17:28:21.069126+00:00,20261007T172821Z,20261007T172821Z:2026_05_BAL_ATL,,,pending,
2026_05_BUF_LA,BUF,LA,BUF,0.5237464548077455,BUF,0.5203733895328905,0.5203733895328905,False,False,False,EARLY_LOCK,,2026-10-07T17:28:21.069126+00:00,20261007T172821Z,20261007T172821Z:2026_05_BUF_LA,,,pending,
2026_05_TB_DAL,TB,DAL,DAL,0.697235948760207,DAL,0.7031374142251539,0.7031374142251539,False,False,False,EARLY_LOCK,,2026-10-07T21:17:51.408493+00:00,20261007T211751Z,20261007T211751Z:2026_05_TB_DAL,16.0,24.0,final,2026-10-09T03:32:01.373920+00:00
2026_05_PHI_JAX,PHI,JAX,JAX,0.7314032594607203,JAX,0.722150322999685,0.722150322999685,False,False,False,EARLY_LOCK,,2026-10-07T21:17:51.408493+00:00,20261007T211751Z,20261007T211751Z:2026_05_PHI_JAX,,,pending,
2026_05_CHI_GB,CHI,GB,CHI,0.6477844755221109,CHI,0.6343195755465904,0.6343195755465904,False,False,False,EARLY_LOCK,,2026-10-07T21:17:51.408493+00:00,20261007T211751Z,20261007T211751Z:2026_05_CHI_GB,,,pending,
2026_05_CIN_MIA,CIN,MIA,CIN,0.6821575016433266,CIN,0.681937909012762,0.681937909012762,False,False,False,EARLY_LOCK,,2026-10-07T21:17:51.408493+00:00,20261007T211751Z,20261007T211751Z:2026_05_CIN_MIA,,,pending,
2026_05_CLE_NYJ,CLE,NYJ,CLE,0.5328330961732235,CLE,0.530462851468535,0.5182922092020488,True,False,False,EARLY_LOCK,,2026-10-07T21:17:51.408493+00:00,20261007T211751Z,20261007T211751Z:2026_05_CLE_NYJ,,,pending,
2026_05_HOU_TEN,HOU,TEN,HOU,0.606747610734374,HOU,0.6063025465058235,0.6063025465058234,False,False,False,EARLY_LOCK,,2026-10-07T21:17:51.408493+00:00,20261007T211751Z,20261007T211751Z:2026_05_HOU_TEN,,,pending,
2026_05_IND_PIT,IND,PIT,PIT,0.5734783181088623,PIT,0.575562813659146,0.575562813659146,False,False,False,EARLY_LOCK,,2026-10-07T21:17:51.408493+00:00,20261007T211751Z,20261007T211751Z:2026_05_IND_PIT,,,pending,
2026_05_LV_NE,LV,NE,NE,0.5999918588244184,NE,0.5976923732576875,0.5683846612803812,False,True,False,EARLY_LOCK,,2026-10-07T21:17:51.408493+00:00,20261007T211751Z,20261007T211751Z:2026_05_LV_NE,,,pending,
2026_05_MIN_NO,MIN,NO,MIN,0.5798253126759103,MIN,0.5821415202369642,0.557499064165875,False,False,True,EARLY_LOCK,,2026-10-07T21:17:51.408493+00:00,20261007T211751Z,20261007T211751Z:2026_05_MIN_NO,,,pending,
2026_05_NYG_WAS,NYG,WAS,NYG,0.5403029168685474,NYG,0.5376492399590294,0.5376492399590294,False,False,False,EARLY_LOCK,Jayden Daniels assumed starter; expected but not final,2026-10-07T21:17:51.408493+00:00,20261007T211751Z,20261007T211751Z:2026_05_NYG_WAS,,,pending,
2026_05_DEN_LAC,DEN,LAC,DEN,0.5725264923879503,DEN,0.5656916271943164,0.5656916271943164,False,False,False,EARLY_LOCK,,2026-10-07T21:17:51.408493+00:00,20261007T211751Z,20261007T211751Z:2026_05_DEN_LAC,,,pending,
2026_05_DET_ARI,DET,ARI,DET,0.6487616685211037,DET,0.6437184456353806,0.6437184456353806,False,False,False,EARLY_LOCK,,2026-10-07T21:17:51.408493+00:00,20261007T211751Z,20261007T211751Z:2026_05_DET_ARI,,,pending,
2026_05_SF_SEA,SF,SEA,SF,0.5975960278054716,SF,0.6365357221576521,0.6620473816999242,True,False,False,EARLY_LOCK,,2026-10-07T21:17:51.408493+00:00,20261007T211751Z,20261007T211751Z:2026_05_SF_SEA,,,pending,
2026_05_BAL_ATL,BAL,ATL,BAL,0.5338608612247691,BAL,0.5353341673260135,0.5353341673260135,False,False,False,EARLY_LOCK,Lamar Jackson assumed starter; status uncertain,2026-10-07T21:17:51.408493+00:00,20261007T211751Z,20261007T211751Z:2026_05_BAL_ATL,,,pending,
2026_05_BUF_LA,BUF,LA,BUF,0.5237464548077455,BUF,0.5203733895328905,0.5203733895328905,False,False,False,EARLY_LOCK,,2026-10-07T21:17:51.408493+00:00,20261007T211751Z,20261007T211751Z:2026_05_BUF_LA,,,pending,
2026_05_TB_DAL,TB,DAL,DAL,0.697235948760207,DAL,0.7031374142251539,0.7031374142251539,False,False,False,EARLY_LOCK,,2026-10-07T21:29:45.767066+00:00,20261007T212945Z,20261007T212945Z:2026_05_TB_DAL,16.0,24.0,final,2026-10-09T03:32:01.373920+00:00
2026_05_PHI_JAX,PHI,JAX,JAX,0.7314032594607203,JAX,0.722150322999685,0.722150322999685,False,False,False,EARLY_LOCK,,2026-10-07T21:29:45.767066+00:00,20261007T212945Z,20261007T212945Z:2026_05_PHI_JAX,,,pending,
2026_05_CHI_GB,CHI,GB,CHI,0.6477844755221109,CHI,0.6343195755465904,0.6343195755465904,False,False,False,EARLY_LOCK,,2026-10-07T21:29:45.767066+00:00,20261007T212945Z,20261007T212945Z:2026_05_CHI_GB,,,pending,
2026_05_CIN_MIA,CIN,MIA,CIN,0.6821575016433266,CIN,0.681937909012762,0.681937909012762,False,False,False,EARLY_LOCK,,2026-10-07T21:29:45.767066+00:00,20261007T212945Z,20261007T212945Z:2026_05_CIN_MIA,,,pending,
2026_05_CLE_NYJ,CLE,NYJ,CLE,0.5328330961732235,CLE,0.530462851468535,0.5182922092020488,True,False,False,EARLY_LOCK,,2026-10-07T21:29:45.767066+00:00,20261007T212945Z,20261007T212945Z:2026_05_CLE_NYJ,,,pending,
2026_05_HOU_TEN,HOU,TEN,HOU,0.606747610734374,HOU,0.6063025465058235,0.6063025465058234,False,False,False,EARLY_LOCK,,2026-10-07T21:29:45.767066+00:00,20261007T212945Z,20261007T212945Z:2026_05_HOU_TEN,,,pending,
2026_05_IND_PIT,IND,PIT,PIT,0.5734783181088623,PIT,0.575562813659146,0.575562813659146,False,False,False,EARLY_LOCK,,2026-10-07T21:29:45.767066+00:00,20261007T212945Z,20261007T212945Z:2026_05_IND_PIT,,,pending,
2026_05_LV_NE,LV,NE,NE,0.5999918588244184,NE,0.5976923732576875,0.5683846612803812,False,True,False,EARLY_LOCK,,2026-10-07T21:29:45.767066+00:00,20261007T212945Z,20261007T212945Z:2026_05_LV_NE,,,pending,
2026_05_MIN_NO,MIN,NO,MIN,0.5798253126759103,MIN,0.5821415202369642,0.557499064165875,False,False,True,EARLY_LOCK,,2026-10-07T21:29:45.767066+00:00,20261007T212945Z,20261007T212945Z:2026_05_MIN_NO,,,pending,
2026_05_NYG_WAS,NYG,WAS,NYG,0.5403029168685474,NYG,0.5376492399590294,0.5376492399590294,False,False,False,EARLY_LOCK,Jayden Daniels assumed starter; expected but not final,2026-10-07T21:29:45.767066+00:00,20261007T212945Z,20261007T212945Z:2026_05_NYG_WAS,,,pending,
2026_05_DEN_LAC,DEN,LAC,DEN,0.5725264923879503,DEN,0.5656916271943164,0.5656916271943164,False,False,False,EARLY_LOCK,,2026-10-07T21:29:45.767066+00:00,20261007T212945Z,20261007T212945Z:2026_05_DEN_LAC,,,pending,
2026_05_DET_ARI,DET,ARI,DET,0.6487616685211037,DET,0.6437184456353806,0.6437184456353806,False,False,False,EARLY_LOCK,,2026-10-07T21:29:45.767066+00:00,20261007T212945Z,20261007T212945Z:2026_05_DET_ARI,,,pending,
2026_05_SF_SEA,SF,SEA,SF,0.5975960278054716,SF,0.6365357221576521,0.6620473816999242,True,False,False,EARLY_LOCK,,2026-10-07T21:29:45.767066+00:00,20261007T212945Z,20261007T212945Z:2026_05_SF_SEA,,,pending,
2026_05_BAL_ATL,BAL,ATL,BAL,0.5338608612247691,BAL,0.5353341673260135,0.5353341673260135,False,False,False,EARLY_LOCK,Lamar Jackson assumed starter; status uncertain,2026-10-07T21:29:45.767066+00:00,20261007T212945Z,20261007T212945Z:2026_05_BAL_ATL,,,pending,
2026_05_BUF_LA,BUF,LA,BUF,0.5237464548077455,BUF,0.5203733895328905,0.5203733895328905,False,False,False,EARLY_LOCK,,2026-10-07T21:29:45.767066+00:00,20261007T212945Z,20261007T212945Z:2026_05_BUF_LA,,,pending,
2026_05_TB_DAL,TB,DAL,DAL,0.697235948760207,DAL,0.7031374142251539,0.7031374142251539,False,False,False,EARLY_LOCK,,2026-10-08T13:20:02.046312+00:00,20261008T132002Z,20261008T132002Z:2026_05_TB_DAL,16.0,24.0,final,2026-10-09T03:32:01.373920+00:00
2026_05_PHI_JAX,PHI,JAX,JAX,0.7314032594607203,JAX,0.722150322999685,0.722150322999685,False,False,False,EARLY_LOCK,,2026-10-08T13:20:02.046312+00:00,20261008T132002Z,20261008T132002Z:2026_05_PHI_JAX,,,pending,
2026_05_CHI_GB,CHI,GB,CHI,0.6477844755221109,CHI,0.6343195755465904,0.6343195755465904,False,False,False,EARLY_LOCK,,2026-10-08T13:20:02.046312+00:00,20261008T132002Z,20261008T132002Z:2026_05_CHI_GB,,,pending,
2026_05_CIN_MIA,CIN,MIA,CIN,0.6821575016433266,CIN,0.681937909012762,0.681937909012762,False,False,False,EARLY_LOCK,,2026-10-08T13:20:02.046312+00:00,20261008T132002Z,20261008T132002Z:2026_05_CIN_MIA,,,pending,
2026_05_CLE_NYJ,CLE,NYJ,CLE,0.5328330961732235,CLE,0.530462851468535,0.5182922092020488,True,False,False,EARLY_LOCK,,2026-10-08T13:20:02.046312+00:00,20261008T132002Z,20261008T132002Z:2026_05_CLE_NYJ,,,pending,
2026_05_HOU_TEN,HOU,TEN,HOU,0.606747610734374,HOU,0.6063025465058235,0.6063025465058234,False,False,False,EARLY_LOCK,,2026-10-08T13:20:02.046312+00:00,20261008T132002Z,20261008T132002Z:2026_05_HOU_TEN,,,pending,
2026_05_IND_PIT,IND,PIT,PIT,0.5734783181088623,PIT,0.575562813659146,0.575562813659146,False,False,False,EARLY_LOCK,,2026-10-08T13:20:02.046312+00:00,20261008T132002Z,20261008T132002Z:2026_05_IND_PIT,,,pending,
2026_05_LV_NE,LV,NE,NE,0.5999918588244184,NE,0.5976923732576875,0.5683846612803812,False,True,False,EARLY_LOCK,,2026-10-08T13:20:02.046312+00:00,20261008T132002Z,20261008T132002Z:2026_05_LV_NE,,,pending,
2026_05_MIN_NO,MIN,NO,MIN,0.5798253126759103,MIN,0.5821415202369642,0.557499064165875,False,False,True,EARLY_LOCK,,2026-10-08T13:20:02.046312+00:00,20261008T132002Z,20261008T132002Z:2026_05_MIN_NO,,,pending,
2026_05_NYG_WAS,NYG,WAS,NYG,0.5403029168685474,NYG,0.5376492399590294,0.5376492399590294,False,False,False,EARLY_LOCK,Jayden Daniels assumed starter; expected but not final,2026-10-08T13:20:02.046312+00:00,20261008T132002Z,20261008T132002Z:2026_05_NYG_WAS,,,pending,
2026_05_DEN_LAC,DEN,LAC,DEN,0.5725264923879503,DEN,0.5656916271943164,0.5656916271943164,False,False,False,EARLY_LOCK,,2026-10-08T13:20:02.046312+00:00,20261008T132002Z,20261008T132002Z:2026_05_DEN_LAC,,,pending,
2026_05_DET_ARI,DET,ARI,DET,0.6487616685211037,DET,0.6437184456353806,0.6437184456353806,False,False,False,EARLY_LOCK,,2026-10-08T13:20:02.046312+00:00,20261008T132002Z,20261008T132002Z:2026_05_DET_ARI,,,pending,
2026_05_SF_SEA,SF,SEA,SF,0.5975960278054716,SF,0.6365357221576521,0.6620473816999242,True,False,False,EARLY_LOCK,,2026-10-08T13:20:02.046312+00:00,20261008T132002Z,20261008T132002Z:2026_05_SF_SEA,,,pending,
2026_05_BAL_ATL,BAL,ATL,BAL,0.5338608612247691,BAL,0.5353341673260135,0.5353341673260135,False,False,False,EARLY_LOCK,Lamar Jackson assumed starter; status uncertain,2026-10-08T13:20:02.046312+00:00,20261008T132002Z,20261008T132002Z:2026_05_BAL_ATL,,,pending,
2026_05_BUF_LA,BUF,LA,BUF,0.5237464548077455,BUF,0.5203733895328905,0.5203733895328905,False,False,False,EARLY_LOCK,,2026-10-08T13:20:02.046312+00:00,20261008T132002Z,20261008T132002Z:2026_05_BUF_LA,,,pending,
2026_05_PHI_JAX,PHI,JAX,JAX,0.7314032594607203,JAX,0.722150322999685,0.722150322999685,False,False,False,EARLY_LOCK,,2026-10-10T13:16:28.706277+00:00,20261010T131628Z,20261010T131628Z:2026_05_PHI_JAX,,,pending,
2026_05_CHI_GB,CHI,GB,CHI,0.6477844755221109,CHI,0.6343195755465904,0.6343195755465904,False,False,False,EARLY_LOCK,,2026-10-10T13:16:28.706277+00:00,20261010T131628Z,20261010T131628Z:2026_05_CHI_GB,,,pending,
2026_05_CIN_MIA,CIN,MIA,CIN,0.6821575016433266,CIN,0.681937909012762,0.681937909012762,False,False,False,EARLY_LOCK,,2026-10-10T13:16:28.706277+00:00,20261010T131628Z,20261010T131628Z:2026_05_CIN_MIA,,,pending,
2026_05_CLE_NYJ,CLE,NYJ,CLE,0.5328330961732235,CLE,0.530462851468535,0.5182922092020488,True,False,False,EARLY_LOCK,,2026-10-10T13:16:28.706277+00:00,20261010T131628Z,20261010T131628Z:2026_05_CLE_NYJ,,,pending,
2026_05_HOU_TEN,HOU,TEN,HOU,0.606747610734374,HOU,0.6063025465058235,0.6063025465058234,False,False,False,EARLY_LOCK,,2026-10-10T13:16:28.706277+00:00,20261010T131628Z,20261010T131628Z:2026_05_HOU_TEN,,,pending,
2026_05_IND_PIT,IND,PIT,PIT,0.5734783181088623,PIT,0.575562813659146,0.575562813659146,False,False,False,EARLY_LOCK,,2026-10-10T13:16:28.706277+00:00,20261010T131628Z,20261010T131628Z:2026_05_IND_PIT,,,pending,
2026_05_LV_NE,LV,NE,NE,0.5999918588244184,NE,0.5976923732576875,0.5683846612803812,False,True,False,EARLY_LOCK,,2026-10-10T13:16:28.706277+00:00,20261010T131628Z,20261010T131628Z:2026_05_LV_NE,,,pending,
2026_05_MIN_NO,MIN,NO,MIN,0.5798253126759103,MIN,0.5821415202369642,0.557499064165875,False,False,True,EARLY_LOCK,,2026-10-10T13:16:28.706277+00:00,20261010T131628Z,20261010T131628Z:2026_05_MIN_NO,,,pending,
2026_05_NYG_WAS,NYG,WAS,NYG,0.5403029168685474,NYG,0.5376492399590294,0.5376492399590294,False,False,False,EARLY_LOCK,Jayden Daniels assumed starter; expected but not final,2026-10-10T13:16:28.706277+00:00,20261010T131628Z,20261010T131628Z:2026_05_NYG_WAS,,,pending,
2026_05_DEN_LAC,DEN,LAC,DEN,0.5725264923879503,DEN,0.5656916271943164,0.5656916271943164,False,False,False,EARLY_LOCK,,2026-10-10T13:16:28.706277+00:00,20261010T131628Z,20261010T131628Z:2026_05_DEN_LAC,,,pending,
2026_05_DET_ARI,DET,ARI,DET,0.6487616685211037,DET,0.6437184456353806,0.6437184456353806,False,False,False,EARLY_LOCK,,2026-10-10T13:16:28.706277+00:00,20261010T131628Z,20261010T131628Z:2026_05_DET_ARI,,,pending,
2026_05_SF_SEA,SF,SEA,SF,0.5975960278054716,SF,0.6365357221576521,0.6620473816999242,True,False,False,EARLY_LOCK,,2026-10-10T13:16:28.706277+00:00,20261010T131628Z,20261010T131628Z:2026_05_SF_SEA,,,pending,
2026_05_BAL_ATL,BAL,ATL,BAL,0.5338608612247691,ATL,0.5189839996053427,0.5132887997237399,False,True,False,EARLY_LOCK,Lamar Jackson assumed starter; status uncertain,2026-10-10T13:16:28.706277+00:00,20261010T131628Z,20261010T131628Z:2026_05_BAL_ATL,,,pending,
2026_05_BUF_LA,BUF,LA,BUF,0.5237464548077455,BUF,0.5203733895328905,0.5203733895328905,False,False,False,EARLY_LOCK,,2026-10-10T13:16:28.706277+00:00,20261010T131628Z,20261010T131628Z:2026_05_BUF_LA,,,pending,
