game_id,season,game_date,start_time_utc,home_team,away_team,candidate,home_win_prob,created_at_utc,data_snapshot_at_utc,bundle_sha256,spec_sha256,status,actual_home_win,settled_at_utc
2026020044,20262027,2026-10-06,2026-10-06T23:00:00+00:00,TOR,NSH,reference_control,0.5094733416528686,2026-10-06T16:58:37.621901+00:00,2026-10-06T16:58:29.297852+00:00,d60b32b93d795cc0905f626489720640eeb4691002b40aa6b2b38440953d5cbe,d568de3ea8272addbd5954cc1ecec6dffd7307e54da9020e0292232bbcf6f66f,settled,1.0,2026-10-07T02:45:27.753915+00:00
2026020044,20262027,2026-10-06,2026-10-06T23:00:00+00:00,TOR,NSH,decay2_logistic,0.5069800395867624,2026-10-06T16:58:37.622041+00:00,2026-10-06T16:58:29.297852+00:00,d60b32b93d795cc0905f626489720640eeb4691002b40aa6b2b38440953d5cbe,d568de3ea8272addbd5954cc1ecec6dffd7307e54da9020e0292232bbcf6f66f,settled,1.0,2026-10-07T02:45:27.753915+00:00
2026020044,20262027,2026-10-06,2026-10-06T23:00:00+00:00,TOR,NSH,linear_regulation_blend,0.5102086562704776,2026-10-06T16:58:37.622116+00:00,2026-10-06T16:58:29.297852+00:00,d60b32b93d795cc0905f626489720640eeb4691002b40aa6b2b38440953d5cbe,d568de3ea8272addbd5954cc1ecec6dffd7307e54da9020e0292232bbcf6f66f,settled,1.0,2026-10-07T02:45:27.753915+00:00
2026020045,20262027,2026-10-06,2026-10-06T23:00:00+00:00,MTL,CAR,reference_control,0.5122364725948512,2026-10-06T16:58:45.371149+00:00,2026-10-06T16:58:29.297852+00:00,d60b32b93d795cc0905f626489720640eeb4691002b40aa6b2b38440953d5cbe,d568de3ea8272addbd5954cc1ecec6dffd7307e54da9020e0292232bbcf6f66f,settled,0.0,2026-10-07T02:45:27.753915+00:00
2026020045,20262027,2026-10-06,2026-10-06T23:00:00+00:00,MTL,CAR,decay2_logistic,0.4945541029865417,2026-10-06T16:58:45.371280+00:00,2026-10-06T16:58:29.297852+00:00,d60b32b93d795cc0905f626489720640eeb4691002b40aa6b2b38440953d5cbe,d568de3ea8272addbd5954cc1ecec6dffd7307e54da9020e0292232bbcf6f66f,settled,0.0,2026-10-07T02:45:27.753915+00:00
2026020045,20262027,2026-10-06,2026-10-06T23:00:00+00:00,MTL,CAR,linear_regulation_blend,0.4977556257012414,2026-10-06T16:58:45.371354+00:00,2026-10-06T16:58:29.297852+00:00,d60b32b93d795cc0905f626489720640eeb4691002b40aa6b2b38440953d5cbe,d568de3ea8272addbd5954cc1ecec6dffd7307e54da9020e0292232bbcf6f66f,settled,0.0,2026-10-07T02:45:27.753915+00:00
2026020046,20262027,2026-10-06,2026-10-06T23:00:00+00:00,DET,OTT,reference_control,0.6028079271442899,2026-10-06T16:58:53.092270+00:00,2026-10-06T16:58:29.297852+00:00,d60b32b93d795cc0905f626489720640eeb4691002b40aa6b2b38440953d5cbe,d568de3ea8272addbd5954cc1ecec6dffd7307e54da9020e0292232bbcf6f66f,settled,1.0,2026-10-07T02:45:27.753915+00:00
2026020046,20262027,2026-10-06,2026-10-06T23:00:00+00:00,DET,OTT,decay2_logistic,0.6355010900027985,2026-10-06T16:58:53.092403+00:00,2026-10-06T16:58:29.297852+00:00,d60b32b93d795cc0905f626489720640eeb4691002b40aa6b2b38440953d5cbe,d568de3ea8272addbd5954cc1ecec6dffd7307e54da9020e0292232bbcf6f66f,settled,1.0,2026-10-07T02:45:27.753915+00:00
2026020046,20262027,2026-10-06,2026-10-06T23:00:00+00:00,DET,OTT,linear_regulation_blend,0.5928565979967582,2026-10-06T16:58:53.092475+00:00,2026-10-06T16:58:29.297852+00:00,d60b32b93d795cc0905f626489720640eeb4691002b40aa6b2b38440953d5cbe,d568de3ea8272addbd5954cc1ecec6dffd7307e54da9020e0292232bbcf6f66f,settled,1.0,2026-10-07T02:45:27.753915+00:00
2026020047,20262027,2026-10-06,2026-10-06T23:00:00+00:00,NJD,UTA,reference_control,0.4252475010468814,2026-10-06T16:59:00.874479+00:00,2026-10-06T16:58:29.297852+00:00,d60b32b93d795cc0905f626489720640eeb4691002b40aa6b2b38440953d5cbe,d568de3ea8272addbd5954cc1ecec6dffd7307e54da9020e0292232bbcf6f66f,settled,0.0,2026-10-07T02:45:27.753915+00:00
2026020047,20262027,2026-10-06,2026-10-06T23:00:00+00:00,NJD,UTA,decay2_logistic,0.448992976951549,2026-10-06T16:59:00.874612+00:00,2026-10-06T16:58:29.297852+00:00,d60b32b93d795cc0905f626489720640eeb4691002b40aa6b2b38440953d5cbe,d568de3ea8272addbd5954cc1ecec6dffd7307e54da9020e0292232bbcf6f66f,settled,0.0,2026-10-07T02:45:27.753915+00:00
2026020047,20262027,2026-10-06,2026-10-06T23:00:00+00:00,NJD,UTA,linear_regulation_blend,0.4457705729516028,2026-10-06T16:59:00.874685+00:00,2026-10-06T16:58:29.297852+00:00,d60b32b93d795cc0905f626489720640eeb4691002b40aa6b2b38440953d5cbe,d568de3ea8272addbd5954cc1ecec6dffd7307e54da9020e0292232bbcf6f66f,settled,0.0,2026-10-07T02:45:27.753915+00:00
2026020049,20262027,2026-10-06,2026-10-06T23:00:00+00:00,BUF,MIN,reference_control,0.5358043733524303,2026-10-06T16:59:08.638540+00:00,2026-10-06T16:58:29.297852+00:00,d60b32b93d795cc0905f626489720640eeb4691002b40aa6b2b38440953d5cbe,d568de3ea8272addbd5954cc1ecec6dffd7307e54da9020e0292232bbcf6f66f,settled,1.0,2026-10-07T02:45:27.753915+00:00
2026020049,20262027,2026-10-06,2026-10-06T23:00:00+00:00,BUF,MIN,decay2_logistic,0.5382489779692661,2026-10-06T16:59:08.638677+00:00,2026-10-06T16:58:29.297852+00:00,d60b32b93d795cc0905f626489720640eeb4691002b40aa6b2b38440953d5cbe,d568de3ea8272addbd5954cc1ecec6dffd7307e54da9020e0292232bbcf6f66f,settled,1.0,2026-10-07T02:45:27.753915+00:00
2026020049,20262027,2026-10-06,2026-10-06T23:00:00+00:00,BUF,MIN,linear_regulation_blend,0.5570769943059031,2026-10-06T16:59:08.638749+00:00,2026-10-06T16:58:29.297852+00:00,d60b32b93d795cc0905f626489720640eeb4691002b40aa6b2b38440953d5cbe,d568de3ea8272addbd5954cc1ecec6dffd7307e54da9020e0292232bbcf6f66f,settled,1.0,2026-10-07T02:45:27.753915+00:00
2026020048,20262027,2026-10-06,2026-10-06T23:30:00+00:00,NYR,NYI,reference_control,0.4530597523479313,2026-10-06T16:59:16.300227+00:00,2026-10-06T16:58:29.297852+00:00,d60b32b93d795cc0905f626489720640eeb4691002b40aa6b2b38440953d5cbe,d568de3ea8272addbd5954cc1ecec6dffd7307e54da9020e0292232bbcf6f66f,settled,1.0,2026-10-07T02:45:27.753915+00:00
2026020048,20262027,2026-10-06,2026-10-06T23:30:00+00:00,NYR,NYI,decay2_logistic,0.4395683935045207,2026-10-06T16:59:16.300361+00:00,2026-10-06T16:58:29.297852+00:00,d60b32b93d795cc0905f626489720640eeb4691002b40aa6b2b38440953d5cbe,d568de3ea8272addbd5954cc1ecec6dffd7307e54da9020e0292232bbcf6f66f,settled,1.0,2026-10-07T02:45:27.753915+00:00
2026020048,20262027,2026-10-06,2026-10-06T23:30:00+00:00,NYR,NYI,linear_regulation_blend,0.4780226286432029,2026-10-06T16:59:16.300433+00:00,2026-10-06T16:58:29.297852+00:00,d60b32b93d795cc0905f626489720640eeb4691002b40aa6b2b38440953d5cbe,d568de3ea8272addbd5954cc1ecec6dffd7307e54da9020e0292232bbcf6f66f,settled,1.0,2026-10-07T02:45:27.753915+00:00
2026020050,20262027,2026-10-06,2026-10-07T00:00:00+00:00,CHI,STL,reference_control,0.4084429476709972,2026-10-06T16:59:24.017218+00:00,2026-10-06T16:58:29.297852+00:00,d60b32b93d795cc0905f626489720640eeb4691002b40aa6b2b38440953d5cbe,d568de3ea8272addbd5954cc1ecec6dffd7307e54da9020e0292232bbcf6f66f,settled,1.0,2026-10-07T02:58:12.220304+00:00
2026020050,20262027,2026-10-06,2026-10-07T00:00:00+00:00,CHI,STL,decay2_logistic,0.4330007273569249,2026-10-06T16:59:24.017355+00:00,2026-10-06T16:58:29.297852+00:00,d60b32b93d795cc0905f626489720640eeb4691002b40aa6b2b38440953d5cbe,d568de3ea8272addbd5954cc1ecec6dffd7307e54da9020e0292232bbcf6f66f,settled,1.0,2026-10-07T02:58:12.220304+00:00
2026020050,20262027,2026-10-06,2026-10-07T00:00:00+00:00,CHI,STL,linear_regulation_blend,0.4167632907935892,2026-10-06T16:59:24.017430+00:00,2026-10-06T16:58:29.297852+00:00,d60b32b93d795cc0905f626489720640eeb4691002b40aa6b2b38440953d5cbe,d568de3ea8272addbd5954cc1ecec6dffd7307e54da9020e0292232bbcf6f66f,settled,1.0,2026-10-07T02:58:12.220304+00:00
2026020051,20262027,2026-10-06,2026-10-07T01:40:00+00:00,SEA,VGK,reference_control,0.923646349229591,2026-10-06T16:59:31.722102+00:00,2026-10-06T16:58:29.297852+00:00,d60b32b93d795cc0905f626489720640eeb4691002b40aa6b2b38440953d5cbe,d568de3ea8272addbd5954cc1ecec6dffd7307e54da9020e0292232bbcf6f66f,settled,0.0,2026-10-07T04:51:40.559056+00:00
2026020051,20262027,2026-10-06,2026-10-07T01:40:00+00:00,SEA,VGK,decay2_logistic,0.910716036226462,2026-10-06T16:59:31.722247+00:00,2026-10-06T16:58:29.297852+00:00,d60b32b93d795cc0905f626489720640eeb4691002b40aa6b2b38440953d5cbe,d568de3ea8272addbd5954cc1ecec6dffd7307e54da9020e0292232bbcf6f66f,settled,0.0,2026-10-07T04:51:40.559056+00:00
2026020051,20262027,2026-10-06,2026-10-07T01:40:00+00:00,SEA,VGK,linear_regulation_blend,0.8034561083706552,2026-10-06T16:59:31.722320+00:00,2026-10-06T16:58:29.297852+00:00,d60b32b93d795cc0905f626489720640eeb4691002b40aa6b2b38440953d5cbe,d568de3ea8272addbd5954cc1ecec6dffd7307e54da9020e0292232bbcf6f66f,settled,0.0,2026-10-07T04:51:40.559056+00:00
2026020052,20262027,2026-10-06,2026-10-07T02:00:00+00:00,LAK,FLA,reference_control,0.4660499140437943,2026-10-06T16:59:39.387023+00:00,2026-10-06T16:58:29.297852+00:00,d60b32b93d795cc0905f626489720640eeb4691002b40aa6b2b38440953d5cbe,d568de3ea8272addbd5954cc1ecec6dffd7307e54da9020e0292232bbcf6f66f,settled,0.0,2026-10-07T05:13:12.365113+00:00
2026020052,20262027,2026-10-06,2026-10-07T02:00:00+00:00,LAK,FLA,decay2_logistic,0.4777515204305716,2026-10-06T16:59:39.387167+00:00,2026-10-06T16:58:29.297852+00:00,d60b32b93d795cc0905f626489720640eeb4691002b40aa6b2b38440953d5cbe,d568de3ea8272addbd5954cc1ecec6dffd7307e54da9020e0292232bbcf6f66f,settled,0.0,2026-10-07T05:13:12.365113+00:00
2026020052,20262027,2026-10-06,2026-10-07T02:00:00+00:00,LAK,FLA,linear_regulation_blend,0.4793716821526822,2026-10-06T16:59:39.387243+00:00,2026-10-06T16:58:29.297852+00:00,d60b32b93d795cc0905f626489720640eeb4691002b40aa6b2b38440953d5cbe,d568de3ea8272addbd5954cc1ecec6dffd7307e54da9020e0292232bbcf6f66f,settled,0.0,2026-10-07T05:13:12.365113+00:00
2026020053,20262027,2026-10-07,2026-10-07T23:30:00+00:00,WSH,PIT,reference_control,0.5646667090670398,2026-10-06T16:59:47.175232+00:00,2026-10-06T16:58:29.297852+00:00,d60b32b93d795cc0905f626489720640eeb4691002b40aa6b2b38440953d5cbe,d568de3ea8272addbd5954cc1ecec6dffd7307e54da9020e0292232bbcf6f66f,settled,1.0,2026-10-08T02:29:02.086156+00:00
2026020053,20262027,2026-10-07,2026-10-07T23:30:00+00:00,WSH,PIT,decay2_logistic,0.5767243902259782,2026-10-06T16:59:47.175376+00:00,2026-10-06T16:58:29.297852+00:00,d60b32b93d795cc0905f626489720640eeb4691002b40aa6b2b38440953d5cbe,d568de3ea8272addbd5954cc1ecec6dffd7307e54da9020e0292232bbcf6f66f,settled,1.0,2026-10-08T02:29:02.086156+00:00
2026020053,20262027,2026-10-07,2026-10-07T23:30:00+00:00,WSH,PIT,linear_regulation_blend,0.5555861548132877,2026-10-06T16:59:47.175453+00:00,2026-10-06T16:58:29.297852+00:00,d60b32b93d795cc0905f626489720640eeb4691002b40aa6b2b38440953d5cbe,d568de3ea8272addbd5954cc1ecec6dffd7307e54da9020e0292232bbcf6f66f,settled,1.0,2026-10-08T02:29:02.086156+00:00
2026020054,20262027,2026-10-07,2026-10-07T23:30:00+00:00,WPG,COL,reference_control,0.4088552090213432,2026-10-06T16:59:54.942256+00:00,2026-10-06T16:58:29.297852+00:00,d60b32b93d795cc0905f626489720640eeb4691002b40aa6b2b38440953d5cbe,d568de3ea8272addbd5954cc1ecec6dffd7307e54da9020e0292232bbcf6f66f,settled,1.0,2026-10-08T02:29:02.086156+00:00
2026020054,20262027,2026-10-07,2026-10-07T23:30:00+00:00,WPG,COL,decay2_logistic,0.4202317845248358,2026-10-06T16:59:54.942402+00:00,2026-10-06T16:58:29.297852+00:00,d60b32b93d795cc0905f626489720640eeb4691002b40aa6b2b38440953d5cbe,d568de3ea8272addbd5954cc1ecec6dffd7307e54da9020e0292232bbcf6f66f,settled,1.0,2026-10-08T02:29:02.086156+00:00
2026020054,20262027,2026-10-07,2026-10-07T23:30:00+00:00,WPG,COL,linear_regulation_blend,0.4247171573968487,2026-10-06T16:59:54.942476+00:00,2026-10-06T16:58:29.297852+00:00,d60b32b93d795cc0905f626489720640eeb4691002b40aa6b2b38440953d5cbe,d568de3ea8272addbd5954cc1ecec6dffd7307e54da9020e0292232bbcf6f66f,settled,1.0,2026-10-08T02:29:02.086156+00:00
2026020055,20262027,2026-10-07,2026-10-08T02:00:00+00:00,ANA,EDM,reference_control,0.5152989739942279,2026-10-06T17:00:02.652080+00:00,2026-10-06T16:58:29.297852+00:00,d60b32b93d795cc0905f626489720640eeb4691002b40aa6b2b38440953d5cbe,d568de3ea8272addbd5954cc1ecec6dffd7307e54da9020e0292232bbcf6f66f,settled,0.0,2026-10-08T04:49:03.652322+00:00
2026020055,20262027,2026-10-07,2026-10-08T02:00:00+00:00,ANA,EDM,decay2_logistic,0.4966112708870849,2026-10-06T17:00:02.652222+00:00,2026-10-06T16:58:29.297852+00:00,d60b32b93d795cc0905f626489720640eeb4691002b40aa6b2b38440953d5cbe,d568de3ea8272addbd5954cc1ecec6dffd7307e54da9020e0292232bbcf6f66f,settled,0.0,2026-10-08T04:49:03.652322+00:00
2026020055,20262027,2026-10-07,2026-10-08T02:00:00+00:00,ANA,EDM,linear_regulation_blend,0.5178997687092475,2026-10-06T17:00:02.652305+00:00,2026-10-06T16:58:29.297852+00:00,d60b32b93d795cc0905f626489720640eeb4691002b40aa6b2b38440953d5cbe,d568de3ea8272addbd5954cc1ecec6dffd7307e54da9020e0292232bbcf6f66f,settled,0.0,2026-10-08T04:49:03.652322+00:00
2026020056,20262027,2026-10-08,2026-10-08T23:00:00+00:00,BOS,UTA,reference_control,0.3835321419544792,2026-10-07T11:33:08.257418+00:00,2026-10-07T11:32:59.916567+00:00,d60b32b93d795cc0905f626489720640eeb4691002b40aa6b2b38440953d5cbe,d568de3ea8272addbd5954cc1ecec6dffd7307e54da9020e0292232bbcf6f66f,settled,1.0,2026-10-09T01:57:57.545603+00:00
2026020056,20262027,2026-10-08,2026-10-08T23:00:00+00:00,BOS,UTA,decay2_logistic,0.3966059442293019,2026-10-07T11:33:08.257575+00:00,2026-10-07T11:32:59.916567+00:00,d60b32b93d795cc0905f626489720640eeb4691002b40aa6b2b38440953d5cbe,d568de3ea8272addbd5954cc1ecec6dffd7307e54da9020e0292232bbcf6f66f,settled,1.0,2026-10-09T01:57:57.545603+00:00
2026020056,20262027,2026-10-08,2026-10-08T23:00:00+00:00,BOS,UTA,linear_regulation_blend,0.4082290780692542,2026-10-07T11:33:08.257657+00:00,2026-10-07T11:32:59.916567+00:00,d60b32b93d795cc0905f626489720640eeb4691002b40aa6b2b38440953d5cbe,d568de3ea8272addbd5954cc1ecec6dffd7307e54da9020e0292232bbcf6f66f,settled,1.0,2026-10-09T01:57:57.545603+00:00
2026020057,20262027,2026-10-08,2026-10-08T23:00:00+00:00,BUF,DAL,reference_control,0.5524884501295124,2026-10-07T11:33:15.993700+00:00,2026-10-07T11:32:59.916567+00:00,d60b32b93d795cc0905f626489720640eeb4691002b40aa6b2b38440953d5cbe,d568de3ea8272addbd5954cc1ecec6dffd7307e54da9020e0292232bbcf6f66f,settled,0.0,2026-10-09T01:57:57.545603+00:00
2026020057,20262027,2026-10-08,2026-10-08T23:00:00+00:00,BUF,DAL,decay2_logistic,0.5388946474827684,2026-10-07T11:33:15.993849+00:00,2026-10-07T11:32:59.916567+00:00,d60b32b93d795cc0905f626489720640eeb4691002b40aa6b2b38440953d5cbe,d568de3ea8272addbd5954cc1ecec6dffd7307e54da9020e0292232bbcf6f66f,settled,0.0,2026-10-09T01:57:57.545603+00:00
2026020057,20262027,2026-10-08,2026-10-08T23:00:00+00:00,BUF,DAL,linear_regulation_blend,0.5623461046719403,2026-10-07T11:33:15.993926+00:00,2026-10-07T11:32:59.916567+00:00,d60b32b93d795cc0905f626489720640eeb4691002b40aa6b2b38440953d5cbe,d568de3ea8272addbd5954cc1ecec6dffd7307e54da9020e0292232bbcf6f66f,settled,0.0,2026-10-09T01:57:57.545603+00:00
2026020058,20262027,2026-10-08,2026-10-08T23:00:00+00:00,MTL,NSH,reference_control,0.5440095014102504,2026-10-07T11:33:23.764016+00:00,2026-10-07T11:32:59.916567+00:00,d60b32b93d795cc0905f626489720640eeb4691002b40aa6b2b38440953d5cbe,d568de3ea8272addbd5954cc1ecec6dffd7307e54da9020e0292232bbcf6f66f,settled,0.0,2026-10-09T01:57:57.545603+00:00
2026020058,20262027,2026-10-08,2026-10-08T23:00:00+00:00,MTL,NSH,decay2_logistic,0.6015963749773983,2026-10-07T11:33:23.764161+00:00,2026-10-07T11:32:59.916567+00:00,d60b32b93d795cc0905f626489720640eeb4691002b40aa6b2b38440953d5cbe,d568de3ea8272addbd5954cc1ecec6dffd7307e54da9020e0292232bbcf6f66f,settled,0.0,2026-10-09T01:57:57.545603+00:00
2026020058,20262027,2026-10-08,2026-10-08T23:00:00+00:00,MTL,NSH,linear_regulation_blend,0.5473580013339365,2026-10-07T11:33:23.764236+00:00,2026-10-07T11:32:59.916567+00:00,d60b32b93d795cc0905f626489720640eeb4691002b40aa6b2b38440953d5cbe,d568de3ea8272addbd5954cc1ecec6dffd7307e54da9020e0292232bbcf6f66f,settled,0.0,2026-10-09T01:57:57.545603+00:00
2026020059,20262027,2026-10-08,2026-10-08T23:00:00+00:00,OTT,PHI,reference_control,0.648852519546826,2026-10-07T11:33:31.526999+00:00,2026-10-07T11:32:59.916567+00:00,d60b32b93d795cc0905f626489720640eeb4691002b40aa6b2b38440953d5cbe,d568de3ea8272addbd5954cc1ecec6dffd7307e54da9020e0292232bbcf6f66f,settled,1.0,2026-10-09T01:57:57.545603+00:00
2026020059,20262027,2026-10-08,2026-10-08T23:00:00+00:00,OTT,PHI,decay2_logistic,0.6866046282274053,2026-10-07T11:33:31.527146+00:00,2026-10-07T11:32:59.916567+00:00,d60b32b93d795cc0905f626489720640eeb4691002b40aa6b2b38440953d5cbe,d568de3ea8272addbd5954cc1ecec6dffd7307e54da9020e0292232bbcf6f66f,settled,1.0,2026-10-09T01:57:57.545603+00:00
2026020059,20262027,2026-10-08,2026-10-08T23:00:00+00:00,OTT,PHI,linear_regulation_blend,0.6747648650189995,2026-10-07T11:33:31.527225+00:00,2026-10-07T11:32:59.916567+00:00,d60b32b93d795cc0905f626489720640eeb4691002b40aa6b2b38440953d5cbe,d568de3ea8272addbd5954cc1ecec6dffd7307e54da9020e0292232bbcf6f66f,settled,1.0,2026-10-09T01:57:57.545603+00:00
2026020060,20262027,2026-10-08,2026-10-08T23:00:00+00:00,TBL,MIN,reference_control,0.5741784581376908,2026-10-07T11:33:39.249587+00:00,2026-10-07T11:32:59.916567+00:00,d60b32b93d795cc0905f626489720640eeb4691002b40aa6b2b38440953d5cbe,d568de3ea8272addbd5954cc1ecec6dffd7307e54da9020e0292232bbcf6f66f,settled,1.0,2026-10-09T01:57:57.545603+00:00
2026020060,20262027,2026-10-08,2026-10-08T23:00:00+00:00,TBL,MIN,decay2_logistic,0.6006335999742396,2026-10-07T11:33:39.249741+00:00,2026-10-07T11:32:59.916567+00:00,d60b32b93d795cc0905f626489720640eeb4691002b40aa6b2b38440953d5cbe,d568de3ea8272addbd5954cc1ecec6dffd7307e54da9020e0292232bbcf6f66f,settled,1.0,2026-10-09T01:57:57.545603+00:00
2026020060,20262027,2026-10-08,2026-10-08T23:00:00+00:00,TBL,MIN,linear_regulation_blend,0.5858768603707922,2026-10-07T11:33:39.249833+00:00,2026-10-07T11:32:59.916567+00:00,d60b32b93d795cc0905f626489720640eeb4691002b40aa6b2b38440953d5cbe,d568de3ea8272addbd5954cc1ecec6dffd7307e54da9020e0292232bbcf6f66f,settled,1.0,2026-10-09T01:57:57.545603+00:00
2026020061,20262027,2026-10-08,2026-10-08T23:00:00+00:00,CAR,VAN,reference_control,0.810870864178274,2026-10-07T11:33:46.992362+00:00,2026-10-07T11:32:59.916567+00:00,d60b32b93d795cc0905f626489720640eeb4691002b40aa6b2b38440953d5cbe,d568de3ea8272addbd5954cc1ecec6dffd7307e54da9020e0292232bbcf6f66f,settled,1.0,2026-10-09T01:34:48.281143+00:00
2026020061,20262027,2026-10-08,2026-10-08T23:00:00+00:00,CAR,VAN,decay2_logistic,0.7615595277916674,2026-10-07T11:33:46.992550+00:00,2026-10-07T11:32:59.916567+00:00,d60b32b93d795cc0905f626489720640eeb4691002b40aa6b2b38440953d5cbe,d568de3ea8272addbd5954cc1ecec6dffd7307e54da9020e0292232bbcf6f66f,settled,1.0,2026-10-09T01:34:48.281143+00:00
2026020061,20262027,2026-10-08,2026-10-08T23:00:00+00:00,CAR,VAN,linear_regulation_blend,0.8047847320912854,2026-10-07T11:33:46.992631+00:00,2026-10-07T11:32:59.916567+00:00,d60b32b93d795cc0905f626489720640eeb4691002b40aa6b2b38440953d5cbe,d568de3ea8272addbd5954cc1ecec6dffd7307e54da9020e0292232bbcf6f66f,settled,1.0,2026-10-09T01:34:48.281143+00:00
2026020062,20262027,2026-10-08,2026-10-08T23:30:00+00:00,NYI,CHI,reference_control,0.7007133191944813,2026-10-07T11:33:54.738612+00:00,2026-10-07T11:32:59.916567+00:00,d60b32b93d795cc0905f626489720640eeb4691002b40aa6b2b38440953d5cbe,d568de3ea8272addbd5954cc1ecec6dffd7307e54da9020e0292232bbcf6f66f,settled,1.0,2026-10-09T02:12:54.019507+00:00
2026020062,20262027,2026-10-08,2026-10-08T23:30:00+00:00,NYI,CHI,decay2_logistic,0.6909740381002224,2026-10-07T11:33:54.738763+00:00,2026-10-07T11:32:59.916567+00:00,d60b32b93d795cc0905f626489720640eeb4691002b40aa6b2b38440953d5cbe,d568de3ea8272addbd5954cc1ecec6dffd7307e54da9020e0292232bbcf6f66f,settled,1.0,2026-10-09T02:12:54.019507+00:00
2026020062,20262027,2026-10-08,2026-10-08T23:30:00+00:00,NYI,CHI,linear_regulation_blend,0.6725552706065112,2026-10-07T11:33:54.738849+00:00,2026-10-07T11:32:59.916567+00:00,d60b32b93d795cc0905f626489720640eeb4691002b40aa6b2b38440953d5cbe,d568de3ea8272addbd5954cc1ecec6dffd7307e54da9020e0292232bbcf6f66f,settled,1.0,2026-10-09T02:12:54.019507+00:00
2026020063,20262027,2026-10-08,2026-10-09T00:00:00+00:00,STL,SJS,reference_control,0.6258667727727986,2026-10-08T11:34:13.985479+00:00,2026-10-08T11:34:05.637283+00:00,d60b32b93d795cc0905f626489720640eeb4691002b40aa6b2b38440953d5cbe,d568de3ea8272addbd5954cc1ecec6dffd7307e54da9020e0292232bbcf6f66f,settled,0.0,2026-10-09T02:57:35.754627+00:00
2026020063,20262027,2026-10-08,2026-10-09T00:00:00+00:00,STL,SJS,decay2_logistic,0.6264607700254892,2026-10-08T11:34:13.985634+00:00,2026-10-08T11:34:05.637283+00:00,d60b32b93d795cc0905f626489720640eeb4691002b40aa6b2b38440953d5cbe,d568de3ea8272addbd5954cc1ecec6dffd7307e54da9020e0292232bbcf6f66f,settled,0.0,2026-10-09T02:57:35.754627+00:00
2026020063,20262027,2026-10-08,2026-10-09T00:00:00+00:00,STL,SJS,linear_regulation_blend,0.6163269000684927,2026-10-08T11:34:13.985719+00:00,2026-10-08T11:34:05.637283+00:00,d60b32b93d795cc0905f626489720640eeb4691002b40aa6b2b38440953d5cbe,d568de3ea8272addbd5954cc1ecec6dffd7307e54da9020e0292232bbcf6f66f,settled,0.0,2026-10-09T02:57:35.754627+00:00
2026020064,20262027,2026-10-08,2026-10-09T01:00:00+00:00,CGY,COL,reference_control,0.8576506468763373,2026-10-08T11:34:21.690472+00:00,2026-10-08T11:34:05.637283+00:00,d60b32b93d795cc0905f626489720640eeb4691002b40aa6b2b38440953d5cbe,d568de3ea8272addbd5954cc1ecec6dffd7307e54da9020e0292232bbcf6f66f,settled,0.0,2026-10-09T03:50:06.378328+00:00
2026020064,20262027,2026-10-08,2026-10-09T01:00:00+00:00,CGY,COL,decay2_logistic,0.4752249025164716,2026-10-08T11:34:21.690620+00:00,2026-10-08T11:34:05.637283+00:00,d60b32b93d795cc0905f626489720640eeb4691002b40aa6b2b38440953d5cbe,d568de3ea8272addbd5954cc1ecec6dffd7307e54da9020e0292232bbcf6f66f,settled,0.0,2026-10-09T03:50:06.378328+00:00
2026020064,20262027,2026-10-08,2026-10-09T01:00:00+00:00,CGY,COL,linear_regulation_blend,0.8582997077577781,2026-10-08T11:34:21.690702+00:00,2026-10-08T11:34:05.637283+00:00,d60b32b93d795cc0905f626489720640eeb4691002b40aa6b2b38440953d5cbe,d568de3ea8272addbd5954cc1ecec6dffd7307e54da9020e0292232bbcf6f66f,settled,0.0,2026-10-09T03:50:06.378328+00:00
2026020065,20262027,2026-10-08,2026-10-09T02:00:00+00:00,VGK,TOR,reference_control,0.6127282057371045,2026-10-08T11:34:29.416977+00:00,2026-10-08T11:34:05.637283+00:00,d60b32b93d795cc0905f626489720640eeb4691002b40aa6b2b38440953d5cbe,d568de3ea8272addbd5954cc1ecec6dffd7307e54da9020e0292232bbcf6f66f,settled,1.0,2026-10-09T05:13:00.295293+00:00
2026020065,20262027,2026-10-08,2026-10-09T02:00:00+00:00,VGK,TOR,decay2_logistic,0.6197531129248244,2026-10-08T11:34:29.417154+00:00,2026-10-08T11:34:05.637283+00:00,d60b32b93d795cc0905f626489720640eeb4691002b40aa6b2b38440953d5cbe,d568de3ea8272addbd5954cc1ecec6dffd7307e54da9020e0292232bbcf6f66f,settled,1.0,2026-10-09T05:13:00.295293+00:00
2026020065,20262027,2026-10-08,2026-10-09T02:00:00+00:00,VGK,TOR,linear_regulation_blend,0.6085035726912982,2026-10-08T11:34:29.417246+00:00,2026-10-08T11:34:05.637283+00:00,d60b32b93d795cc0905f626489720640eeb4691002b40aa6b2b38440953d5cbe,d568de3ea8272addbd5954cc1ecec6dffd7307e54da9020e0292232bbcf6f66f,settled,1.0,2026-10-09T05:13:00.295293+00:00
2026020066,20262027,2026-10-09,2026-10-09T23:00:00+00:00,DET,SEA,reference_control,0.6510344127169846,2026-10-08T11:34:37.152256+00:00,2026-10-08T11:34:05.637283+00:00,d60b32b93d795cc0905f626489720640eeb4691002b40aa6b2b38440953d5cbe,d568de3ea8272addbd5954cc1ecec6dffd7307e54da9020e0292232bbcf6f66f,settled,0.0,2026-10-10T01:47:29.005832+00:00
2026020066,20262027,2026-10-09,2026-10-09T23:00:00+00:00,DET,SEA,decay2_logistic,0.6291918601996465,2026-10-08T11:34:37.152409+00:00,2026-10-08T11:34:05.637283+00:00,d60b32b93d795cc0905f626489720640eeb4691002b40aa6b2b38440953d5cbe,d568de3ea8272addbd5954cc1ecec6dffd7307e54da9020e0292232bbcf6f66f,settled,0.0,2026-10-10T01:47:29.005832+00:00
2026020066,20262027,2026-10-09,2026-10-09T23:00:00+00:00,DET,SEA,linear_regulation_blend,0.6533530077119658,2026-10-08T11:34:37.152492+00:00,2026-10-08T11:34:05.637283+00:00,d60b32b93d795cc0905f626489720640eeb4691002b40aa6b2b38440953d5cbe,d568de3ea8272addbd5954cc1ecec6dffd7307e54da9020e0292232bbcf6f66f,settled,0.0,2026-10-10T01:47:29.005832+00:00
2026020067,20262027,2026-10-09,2026-10-09T23:00:00+00:00,WSH,NYR,reference_control,0.5512733422019667,2026-10-08T11:34:44.854557+00:00,2026-10-08T11:34:05.637283+00:00,d60b32b93d795cc0905f626489720640eeb4691002b40aa6b2b38440953d5cbe,d568de3ea8272addbd5954cc1ecec6dffd7307e54da9020e0292232bbcf6f66f,settled,1.0,2026-10-10T01:47:29.005832+00:00
2026020067,20262027,2026-10-09,2026-10-09T23:00:00+00:00,WSH,NYR,decay2_logistic,0.5112188191069563,2026-10-08T11:34:44.854709+00:00,2026-10-08T11:34:05.637283+00:00,d60b32b93d795cc0905f626489720640eeb4691002b40aa6b2b38440953d5cbe,d568de3ea8272addbd5954cc1ecec6dffd7307e54da9020e0292232bbcf6f66f,settled,1.0,2026-10-10T01:47:29.005832+00:00
2026020067,20262027,2026-10-09,2026-10-09T23:00:00+00:00,WSH,NYR,linear_regulation_blend,0.5521037843241461,2026-10-08T11:34:44.854792+00:00,2026-10-08T11:34:05.637283+00:00,d60b32b93d795cc0905f626489720640eeb4691002b40aa6b2b38440953d5cbe,d568de3ea8272addbd5954cc1ecec6dffd7307e54da9020e0292232bbcf6f66f,settled,1.0,2026-10-10T01:47:29.005832+00:00
2026020068,20262027,2026-10-09,2026-10-09T23:00:00+00:00,CBJ,PIT,reference_control,0.5068104100132225,2026-10-08T11:34:52.555351+00:00,2026-10-08T11:34:05.637283+00:00,d60b32b93d795cc0905f626489720640eeb4691002b40aa6b2b38440953d5cbe,d568de3ea8272addbd5954cc1ecec6dffd7307e54da9020e0292232bbcf6f66f,pending,,
2026020068,20262027,2026-10-09,2026-10-09T23:00:00+00:00,CBJ,PIT,decay2_logistic,0.537194057148848,2026-10-08T11:34:52.555500+00:00,2026-10-08T11:34:05.637283+00:00,d60b32b93d795cc0905f626489720640eeb4691002b40aa6b2b38440953d5cbe,d568de3ea8272addbd5954cc1ecec6dffd7307e54da9020e0292232bbcf6f66f,pending,,
2026020068,20262027,2026-10-09,2026-10-09T23:00:00+00:00,CBJ,PIT,linear_regulation_blend,0.496488539611247,2026-10-08T11:34:52.555584+00:00,2026-10-08T11:34:05.637283+00:00,d60b32b93d795cc0905f626489720640eeb4691002b40aa6b2b38440953d5cbe,d568de3ea8272addbd5954cc1ecec6dffd7307e54da9020e0292232bbcf6f66f,pending,,
2026020069,20262027,2026-10-09,2026-10-10T00:00:00+00:00,WPG,ANA,reference_control,0.4738862148128289,2026-10-09T11:31:45.672841+00:00,2026-10-09T11:31:41.841867+00:00,d60b32b93d795cc0905f626489720640eeb4691002b40aa6b2b38440953d5cbe,d568de3ea8272addbd5954cc1ecec6dffd7307e54da9020e0292232bbcf6f66f,pending,,
2026020069,20262027,2026-10-09,2026-10-10T00:00:00+00:00,WPG,ANA,decay2_logistic,0.4634116778748599,2026-10-09T11:31:45.672985+00:00,2026-10-09T11:31:41.841867+00:00,d60b32b93d795cc0905f626489720640eeb4691002b40aa6b2b38440953d5cbe,d568de3ea8272addbd5954cc1ecec6dffd7307e54da9020e0292232bbcf6f66f,pending,,
2026020069,20262027,2026-10-09,2026-10-10T00:00:00+00:00,WPG,ANA,linear_regulation_blend,0.4875945426342716,2026-10-09T11:31:45.673029+00:00,2026-10-09T11:31:41.841867+00:00,d60b32b93d795cc0905f626489720640eeb4691002b40aa6b2b38440953d5cbe,d568de3ea8272addbd5954cc1ecec6dffd7307e54da9020e0292232bbcf6f66f,pending,,
2026020070,20262027,2026-10-10,2026-10-10T17:00:00+00:00,BOS,PHI,reference_control,0.5831441217670359,2026-10-09T11:31:48.942853+00:00,2026-10-09T11:31:41.841867+00:00,d60b32b93d795cc0905f626489720640eeb4691002b40aa6b2b38440953d5cbe,d568de3ea8272addbd5954cc1ecec6dffd7307e54da9020e0292232bbcf6f66f,pending,,
2026020070,20262027,2026-10-10,2026-10-10T17:00:00+00:00,BOS,PHI,decay2_logistic,0.6180995107008487,2026-10-09T11:31:48.942998+00:00,2026-10-09T11:31:41.841867+00:00,d60b32b93d795cc0905f626489720640eeb4691002b40aa6b2b38440953d5cbe,d568de3ea8272addbd5954cc1ecec6dffd7307e54da9020e0292232bbcf6f66f,pending,,
2026020070,20262027,2026-10-10,2026-10-10T17:00:00+00:00,BOS,PHI,linear_regulation_blend,0.602514446731452,2026-10-09T11:31:48.943040+00:00,2026-10-09T11:31:41.841867+00:00,d60b32b93d795cc0905f626489720640eeb4691002b40aa6b2b38440953d5cbe,d568de3ea8272addbd5954cc1ecec6dffd7307e54da9020e0292232bbcf6f66f,pending,,
2026020071,20262027,2026-10-10,2026-10-10T19:30:00+00:00,NJD,VAN,reference_control,0.719740632543448,2026-10-09T11:31:52.397465+00:00,2026-10-09T11:31:41.841867+00:00,d60b32b93d795cc0905f626489720640eeb4691002b40aa6b2b38440953d5cbe,d568de3ea8272addbd5954cc1ecec6dffd7307e54da9020e0292232bbcf6f66f,pending,,
2026020071,20262027,2026-10-10,2026-10-10T19:30:00+00:00,NJD,VAN,decay2_logistic,0.6995657467483455,2026-10-09T11:31:52.397610+00:00,2026-10-09T11:31:41.841867+00:00,d60b32b93d795cc0905f626489720640eeb4691002b40aa6b2b38440953d5cbe,d568de3ea8272addbd5954cc1ecec6dffd7307e54da9020e0292232bbcf6f66f,pending,,
2026020071,20262027,2026-10-10,2026-10-10T19:30:00+00:00,NJD,VAN,linear_regulation_blend,0.7193007857047671,2026-10-09T11:31:52.397653+00:00,2026-10-09T11:31:41.841867+00:00,d60b32b93d795cc0905f626489720640eeb4691002b40aa6b2b38440953d5cbe,d568de3ea8272addbd5954cc1ecec6dffd7307e54da9020e0292232bbcf6f66f,pending,,
2026020072,20262027,2026-10-10,2026-10-10T20:00:00+00:00,SJS,EDM,reference_control,0.3887842345824311,2026-10-09T11:31:55.830326+00:00,2026-10-09T11:31:41.841867+00:00,d60b32b93d795cc0905f626489720640eeb4691002b40aa6b2b38440953d5cbe,d568de3ea8272addbd5954cc1ecec6dffd7307e54da9020e0292232bbcf6f66f,pending,,
2026020072,20262027,2026-10-10,2026-10-10T20:00:00+00:00,SJS,EDM,decay2_logistic,0.3491257237261444,2026-10-09T11:31:55.830468+00:00,2026-10-09T11:31:41.841867+00:00,d60b32b93d795cc0905f626489720640eeb4691002b40aa6b2b38440953d5cbe,d568de3ea8272addbd5954cc1ecec6dffd7307e54da9020e0292232bbcf6f66f,pending,,
2026020072,20262027,2026-10-10,2026-10-10T20:00:00+00:00,SJS,EDM,linear_regulation_blend,0.4090470010830856,2026-10-09T11:31:55.830511+00:00,2026-10-09T11:31:41.841867+00:00,d60b32b93d795cc0905f626489720640eeb4691002b40aa6b2b38440953d5cbe,d568de3ea8272addbd5954cc1ecec6dffd7307e54da9020e0292232bbcf6f66f,pending,,
2026020073,20262027,2026-10-10,2026-10-10T22:00:00+00:00,FLA,MIN,reference_control,0.4855189539232616,2026-10-09T11:31:59.211619+00:00,2026-10-09T11:31:41.841867+00:00,d60b32b93d795cc0905f626489720640eeb4691002b40aa6b2b38440953d5cbe,d568de3ea8272addbd5954cc1ecec6dffd7307e54da9020e0292232bbcf6f66f,pending,,
2026020073,20262027,2026-10-10,2026-10-10T22:00:00+00:00,FLA,MIN,decay2_logistic,0.5352387799393011,2026-10-09T11:31:59.211771+00:00,2026-10-09T11:31:41.841867+00:00,d60b32b93d795cc0905f626489720640eeb4691002b40aa6b2b38440953d5cbe,d568de3ea8272addbd5954cc1ecec6dffd7307e54da9020e0292232bbcf6f66f,pending,,
2026020073,20262027,2026-10-10,2026-10-10T22:00:00+00:00,FLA,MIN,linear_regulation_blend,0.4920604891897198,2026-10-09T11:31:59.211827+00:00,2026-10-09T11:31:41.841867+00:00,d60b32b93d795cc0905f626489720640eeb4691002b40aa6b2b38440953d5cbe,d568de3ea8272addbd5954cc1ecec6dffd7307e54da9020e0292232bbcf6f66f,pending,,
2026020074,20262027,2026-10-10,2026-10-10T23:00:00+00:00,BUF,UTA,reference_control,0.5434744264213789,2026-10-09T11:32:02.665122+00:00,2026-10-09T11:31:41.841867+00:00,d60b32b93d795cc0905f626489720640eeb4691002b40aa6b2b38440953d5cbe,d568de3ea8272addbd5954cc1ecec6dffd7307e54da9020e0292232bbcf6f66f,pending,,
2026020074,20262027,2026-10-10,2026-10-10T23:00:00+00:00,BUF,UTA,decay2_logistic,0.5539132733908887,2026-10-09T11:32:02.665269+00:00,2026-10-09T11:31:41.841867+00:00,d60b32b93d795cc0905f626489720640eeb4691002b40aa6b2b38440953d5cbe,d568de3ea8272addbd5954cc1ecec6dffd7307e54da9020e0292232bbcf6f66f,pending,,
2026020074,20262027,2026-10-10,2026-10-10T23:00:00+00:00,BUF,UTA,linear_regulation_blend,0.5576157085088141,2026-10-09T11:32:02.665311+00:00,2026-10-09T11:31:41.841867+00:00,d60b32b93d795cc0905f626489720640eeb4691002b40aa6b2b38440953d5cbe,d568de3ea8272addbd5954cc1ecec6dffd7307e54da9020e0292232bbcf6f66f,pending,,
2026020075,20262027,2026-10-10,2026-10-10T23:00:00+00:00,MTL,DET,reference_control,0.4970891521448982,2026-10-09T11:32:06.101678+00:00,2026-10-09T11:31:41.841867+00:00,d60b32b93d795cc0905f626489720640eeb4691002b40aa6b2b38440953d5cbe,d568de3ea8272addbd5954cc1ecec6dffd7307e54da9020e0292232bbcf6f66f,pending,,
2026020075,20262027,2026-10-10,2026-10-10T23:00:00+00:00,MTL,DET,decay2_logistic,0.5002708078237156,2026-10-09T11:32:06.101855+00:00,2026-10-09T11:31:41.841867+00:00,d60b32b93d795cc0905f626489720640eeb4691002b40aa6b2b38440953d5cbe,d568de3ea8272addbd5954cc1ecec6dffd7307e54da9020e0292232bbcf6f66f,pending,,
2026020075,20262027,2026-10-10,2026-10-10T23:00:00+00:00,MTL,DET,linear_regulation_blend,0.491267427354707,2026-10-09T11:32:06.101899+00:00,2026-10-09T11:31:41.841867+00:00,d60b32b93d795cc0905f626489720640eeb4691002b40aa6b2b38440953d5cbe,d568de3ea8272addbd5954cc1ecec6dffd7307e54da9020e0292232bbcf6f66f,pending,,
2026020076,20262027,2026-10-10,2026-10-10T23:00:00+00:00,OTT,NSH,reference_control,0.5805949338698453,2026-10-09T11:32:09.429544+00:00,2026-10-09T11:31:41.841867+00:00,d60b32b93d795cc0905f626489720640eeb4691002b40aa6b2b38440953d5cbe,d568de3ea8272addbd5954cc1ecec6dffd7307e54da9020e0292232bbcf6f66f,pending,,
2026020076,20262027,2026-10-10,2026-10-10T23:00:00+00:00,OTT,NSH,decay2_logistic,0.6035839957540486,2026-10-09T11:32:09.429699+00:00,2026-10-09T11:31:41.841867+00:00,d60b32b93d795cc0905f626489720640eeb4691002b40aa6b2b38440953d5cbe,d568de3ea8272addbd5954cc1ecec6dffd7307e54da9020e0292232bbcf6f66f,pending,,
2026020076,20262027,2026-10-10,2026-10-10T23:00:00+00:00,OTT,NSH,linear_regulation_blend,0.6026769992868208,2026-10-09T11:32:09.429742+00:00,2026-10-09T11:31:41.841867+00:00,d60b32b93d795cc0905f626489720640eeb4691002b40aa6b2b38440953d5cbe,d568de3ea8272addbd5954cc1ecec6dffd7307e54da9020e0292232bbcf6f66f,pending,,
2026020077,20262027,2026-10-10,2026-10-10T23:00:00+00:00,PIT,DAL,reference_control,0.5081305267600246,2026-10-09T11:32:12.875493+00:00,2026-10-09T11:31:41.841867+00:00,d60b32b93d795cc0905f626489720640eeb4691002b40aa6b2b38440953d5cbe,d568de3ea8272addbd5954cc1ecec6dffd7307e54da9020e0292232bbcf6f66f,pending,,
2026020077,20262027,2026-10-10,2026-10-10T23:00:00+00:00,PIT,DAL,decay2_logistic,0.5104309502905651,2026-10-09T11:32:12.875655+00:00,2026-10-09T11:31:41.841867+00:00,d60b32b93d795cc0905f626489720640eeb4691002b40aa6b2b38440953d5cbe,d568de3ea8272addbd5954cc1ecec6dffd7307e54da9020e0292232bbcf6f66f,pending,,
2026020077,20262027,2026-10-10,2026-10-10T23:00:00+00:00,PIT,DAL,linear_regulation_blend,0.518617194515627,2026-10-09T11:32:12.875698+00:00,2026-10-09T11:31:41.841867+00:00,d60b32b93d795cc0905f626489720640eeb4691002b40aa6b2b38440953d5cbe,d568de3ea8272addbd5954cc1ecec6dffd7307e54da9020e0292232bbcf6f66f,pending,,
2026020078,20262027,2026-10-10,2026-10-10T23:00:00+00:00,CHI,CAR,reference_control,0.2276606689360922,2026-10-09T11:32:16.360356+00:00,2026-10-09T11:31:41.841867+00:00,d60b32b93d795cc0905f626489720640eeb4691002b40aa6b2b38440953d5cbe,d568de3ea8272addbd5954cc1ecec6dffd7307e54da9020e0292232bbcf6f66f,pending,,
2026020078,20262027,2026-10-10,2026-10-10T23:00:00+00:00,CHI,CAR,decay2_logistic,0.2435067993582975,2026-10-09T11:32:16.360511+00:00,2026-10-09T11:31:41.841867+00:00,d60b32b93d795cc0905f626489720640eeb4691002b40aa6b2b38440953d5cbe,d568de3ea8272addbd5954cc1ecec6dffd7307e54da9020e0292232bbcf6f66f,pending,,
2026020078,20262027,2026-10-10,2026-10-10T23:00:00+00:00,CHI,CAR,linear_regulation_blend,0.2495592595231865,2026-10-09T11:32:16.360555+00:00,2026-10-09T11:31:41.841867+00:00,d60b32b93d795cc0905f626489720640eeb4691002b40aa6b2b38440953d5cbe,d568de3ea8272addbd5954cc1ecec6dffd7307e54da9020e0292232bbcf6f66f,pending,,
2026020079,20262027,2026-10-10,2026-10-10T23:00:00+00:00,STL,CBJ,reference_control,0.5721088735352714,2026-10-09T11:32:19.700979+00:00,2026-10-09T11:31:41.841867+00:00,d60b32b93d795cc0905f626489720640eeb4691002b40aa6b2b38440953d5cbe,d568de3ea8272addbd5954cc1ecec6dffd7307e54da9020e0292232bbcf6f66f,pending,,
2026020079,20262027,2026-10-10,2026-10-10T23:00:00+00:00,STL,CBJ,decay2_logistic,0.5253326167354537,2026-10-09T11:32:19.701128+00:00,2026-10-09T11:31:41.841867+00:00,d60b32b93d795cc0905f626489720640eeb4691002b40aa6b2b38440953d5cbe,d568de3ea8272addbd5954cc1ecec6dffd7307e54da9020e0292232bbcf6f66f,pending,,
2026020079,20262027,2026-10-10,2026-10-10T23:00:00+00:00,STL,CBJ,linear_regulation_blend,0.5772933756039431,2026-10-09T11:32:19.701171+00:00,2026-10-09T11:31:41.841867+00:00,d60b32b93d795cc0905f626489720640eeb4691002b40aa6b2b38440953d5cbe,d568de3ea8272addbd5954cc1ecec6dffd7307e54da9020e0292232bbcf6f66f,pending,,
2026020080,20262027,2026-10-10,2026-10-10T23:00:00+00:00,COL,TOR,reference_control,0.6911266542140378,2026-10-09T11:32:23.151603+00:00,2026-10-09T11:31:41.841867+00:00,d60b32b93d795cc0905f626489720640eeb4691002b40aa6b2b38440953d5cbe,d568de3ea8272addbd5954cc1ecec6dffd7307e54da9020e0292232bbcf6f66f,pending,,
2026020080,20262027,2026-10-10,2026-10-10T23:00:00+00:00,COL,TOR,decay2_logistic,0.7099668206918314,2026-10-09T11:32:23.151765+00:00,2026-10-09T11:31:41.841867+00:00,d60b32b93d795cc0905f626489720640eeb4691002b40aa6b2b38440953d5cbe,d568de3ea8272addbd5954cc1ecec6dffd7307e54da9020e0292232bbcf6f66f,pending,,
2026020080,20262027,2026-10-10,2026-10-10T23:00:00+00:00,COL,TOR,linear_regulation_blend,0.6818088032459138,2026-10-09T11:32:23.151838+00:00,2026-10-09T11:31:41.841867+00:00,d60b32b93d795cc0905f626489720640eeb4691002b40aa6b2b38440953d5cbe,d568de3ea8272addbd5954cc1ecec6dffd7307e54da9020e0292232bbcf6f66f,pending,,
2026020081,20262027,2026-10-10,2026-10-10T23:30:00+00:00,NYI,TBL,reference_control,0.4286854591399476,2026-10-09T11:32:26.511082+00:00,2026-10-09T11:31:41.841867+00:00,d60b32b93d795cc0905f626489720640eeb4691002b40aa6b2b38440953d5cbe,d568de3ea8272addbd5954cc1ecec6dffd7307e54da9020e0292232bbcf6f66f,pending,,
2026020081,20262027,2026-10-10,2026-10-10T23:30:00+00:00,NYI,TBL,decay2_logistic,0.4409311521663279,2026-10-09T11:32:26.511235+00:00,2026-10-09T11:31:41.841867+00:00,d60b32b93d795cc0905f626489720640eeb4691002b40aa6b2b38440953d5cbe,d568de3ea8272addbd5954cc1ecec6dffd7307e54da9020e0292232bbcf6f66f,pending,,
2026020081,20262027,2026-10-10,2026-10-10T23:30:00+00:00,NYI,TBL,linear_regulation_blend,0.4137922764832262,2026-10-09T11:32:26.511280+00:00,2026-10-09T11:31:41.841867+00:00,d60b32b93d795cc0905f626489720640eeb4691002b40aa6b2b38440953d5cbe,d568de3ea8272addbd5954cc1ecec6dffd7307e54da9020e0292232bbcf6f66f,pending,,
